Num,BEARID,Sex,Date,Time,Lat,Lon
1,1016,F,20030601,13:58:00,69.0533,-134.1424
2,1016,F,20030602,0:01:06,69.0545,-134.1405
3,1016,F,20030602,4:01:01,69.0542,-134.1404
4,1016,F,20030602,8:01:07,69.0547,-134.1403
5,1016,F,20030602,12:01:00,69.0543,-134.1405
6,1016,F,20030602,16:01:06,69.0546,-134.1408
7,1016,F,20030602,20:00:38,69.0546,-134.1407
8,1016,F,20030603,0:01:35,69.0544,-134.1407
9,1016,F,20030603,4:00:55,69.0545,-134.1406
10,1016,F,20030603,8:00:38,69.0651,-134.134
11,1016,F,20030603,12:01:07,69.0796,-133.944
12,1016,F,20030603,16:00:38,69.1247,-133.9439
13,1016,F,20030603,20:00:42,69.1424,-133.9092
14,1016,F,20030604,0:00:38,69.1425,-133.9092
15,1016,F,20030604,4:00:39,69.1425,-133.9092
16,1016,F,20030604,8:00:38,69.1643,-133.9962
17,1016,F,20030604,12:01:06,69.1644,-133.9961
18,1016,F,20030604,16:00:38,69.1634,-133.9992
19,1016,F,20030604,20:00:37,69.1616,-133.9786
20,1016,F,20030605,0:00:37,69.1611,-133.9766
21,1016,F,20030605,4:00:38,69.1642,-133.9963
22,1016,F,20030605,8:00:38,69.1647,-133.9949
23,1016,F,20030605,12:00:38,69.1654,-134.0201
24,1016,F,20030605,16:00:38,69.219,-134.0349
25,1016,F,20030605,20:00:38,69.2503,-133.8923
26,1016,F,20030606,0:00:38,69.2501,-133.8924
27,1016,F,20030606,4:00:38,69.2261,-133.8324
28,1016,F,20030606,8:01:06,69.1723,-133.7505
29,1016,F,20030606,12:00:38,69.1322,-133.6787
30,1016,F,20030606,16:00:38,69.1065,-133.662
31,1016,F,20030606,20:00:38,69.1064,-133.6622
32,1016,F,20030607,0:00:38,69.0817,-133.6382
33,1016,F,20030607,4:00:38,69.0709,-133.6739
34,1016,F,20030607,8:00:37,69.0686,-133.7633
35,1016,F,20030607,12:00:38,69.0685,-133.7832
36,1016,F,20030607,16:00:38,69.0851,-133.9063
37,1016,F,20030607,20:01:01,69.0874,-133.9255
38,1016,F,20030608,0:00:55,69.1121,-133.9288
39,1016,F,20030608,4:00:38,69.1121,-133.9288
40,1016,F,20030608,8:00:38,69.1136,-133.926
41,1016,F,20030608,12:01:22,69.1136,-133.9258
42,1016,F,20030608,16:01:54,69.1134,-133.9254
43,1016,F,20030608,20:00:38,69.114,-133.937
44,1016,F,20030609,0:00:37,69.1161,-133.9399
45,1016,F,20030609,4:00:38,69.1076,-133.9303
46,1016,F,20030609,8:00:38,69.1188,-133.9354
47,1016,F,20030609,12:00:38,69.089,-133.9256
48,1016,F,20030609,16:00:38,69.0888,-133.9266
49,1016,F,20030609,20:00:38,69.0871,-133.9242
50,1016,F,20030610,0:01:30,69.0631,-133.9385
51,1016,F,20030610,4:00:38,69.0358,-134.0303
52,1016,F,20030610,8:00:38,69.0358,-134.0595
53,1016,F,20030610,12:00:38,69.0376,-134.0596
54,1016,F,20030610,16:01:36,69.0102,-133.958
55,1016,F,20030610,20:00:38,69.037,-133.6141
56,1016,F,20030611,0:00:37,69.0531,-133.5654
57,1016,F,20030611,4:00:38,69.053,-133.5653
58,1016,F,20030611,8:00:37,69.0526,-133.5629
59,1016,F,20030611,12:00:38,69.0531,-133.5654
60,1016,F,20030611,16:01:06,69.0531,-133.5651
61,1016,F,20030611,20:00:38,69.0412,-133.5739
62,1016,F,20030612,0:00:37,69.0534,-133.5638
63,1016,F,20030612,4:00:55,69.052,-133.5665
64,1016,F,20030612,8:00:38,69.0452,-133.5638
65,1016,F,20030612,12:01:02,69.0366,-133.5782
66,1016,F,20030612,16:01:07,69.0363,-133.5806
67,1016,F,20030612,20:00:38,69.0576,-133.7333
68,1016,F,20030613,0:00:37,69.0534,-133.7788
69,1016,F,20030613,4:00:38,69.0828,-133.9065
70,1016,F,20030613,8:00:38,69.0887,-133.9261
71,1016,F,20030613,12:00:38,69.0887,-133.9257
72,1016,F,20030613,16:00:38,69.0888,-133.9256
73,1016,F,20030613,20:00:38,69.1399,-133.9541
74,1016,F,20030614,0:00:38,69.1713,-134.0326
75,1016,F,20030614,4:00:37,69.1955,-134.0053
76,1016,F,20030614,8:01:06,69.2088,-133.9968
77,1016,F,20030614,12:00:38,69.2094,-133.9977
78,1016,F,20030614,16:00:38,69.2107,-134.006
79,1016,F,20030614,20:00:37,69.2088,-133.9949
80,1016,F,20030615,0:00:56,69.2083,-134.0029
81,1016,F,20030615,4:00:38,69.2128,-134.0664
82,1016,F,20030615,8:00:38,69.2127,-134.0667
83,1016,F,20030615,12:00:38,69.2127,-134.0666
84,1016,F,20030615,16:00:38,69.2127,-134.0664
85,1016,F,20030615,20:00:38,69.2122,-134.0604
86,1016,F,20030616,0:00:38,69.2132,-134.0787
87,1016,F,20030616,4:00:58,69.2121,-134.0603
88,1016,F,20030616,8:00:38,69.2127,-134.0681
89,1016,F,20030616,12:00:38,69.2131,-134.066
90,1016,F,20030616,16:00:37,69.2128,-134.0664
91,1016,F,20030616,20:01:25,69.2006,-133.8462
92,1016,F,20030617,0:00:37,69.1976,-133.8479
93,1016,F,20030617,4:00:38,69.2011,-133.8443
94,1016,F,20030617,8:01:08,69.2046,-133.8128
95,1016,F,20030617,16:00:40,69.2022,-133.8062
96,1016,F,20030617,20:00:38,69.2007,-133.8065
97,1016,F,20030618,0:00:38,69.168,-133.852
98,1016,F,20030618,4:00:38,69.166,-133.8474
99,1016,F,20030618,8:00:38,69.1541,-133.8699
100,1016,F,20030618,12:00:38,69.1436,-133.8658
101,1016,F,20030618,16:03:05,69.1421,-133.8675
102,1016,F,20030618,20:00:38,69.1421,-133.8672
103,1016,F,20030619,0:00:38,69.142,-133.8683
104,1016,F,20030619,4:00:38,69.1423,-133.8682
105,1016,F,20030619,8:00:38,69.1524,-133.9354
106,1016,F,20030619,12:00:38,69.1267,-133.9208
107,1016,F,20030619,16:00:38,69.1272,-133.9221
108,1016,F,20030619,20:00:38,69.1271,-133.9281
109,1016,F,20030620,0:00:38,69.1169,-133.9422
110,1016,F,20030620,4:00:38,69.0848,-133.9136
111,1016,F,20030620,8:00:38,69.0753,-133.9399
112,1016,F,20030620,12:01:07,69.0503,-133.936
113,1016,F,20030620,16:02:36,69.0231,-133.8929
114,1016,F,20030620,20:00:38,69.0572,-133.7517
115,1016,F,20030621,0:01:24,69.0574,-133.7522
116,1016,F,20030621,4:02:24,69.055,-133.4526
117,1016,F,20030621,8:01:02,69.1237,-133.4783
118,1016,F,20030621,12:01:44,69.1304,-133.5424
119,1016,F,20030621,16:01:06,69.1303,-133.5426
120,1016,F,20030621,20:01:07,69.1323,-133.5986
121,1016,F,20030622,0:01:24,69.1326,-133.5981
122,1016,F,20030622,4:01:01,69.099,-133.6566
123,1016,F,20030622,8:00:38,69.0774,-133.7481
124,1016,F,20030622,12:00:55,69.0813,-133.9042
125,1016,F,20030622,16:01:24,69.0862,-133.9106
126,1016,F,20030622,20:01:01,69.0792,-133.9436
127,1016,F,20030623,0:00:38,69.1023,-133.9265
128,1016,F,20030623,4:00:38,69.1097,-133.9323
129,1016,F,20030623,8:01:37,69.198,-133.8431
130,1016,F,20030623,12:01:07,69.1995,-133.8311
131,1016,F,20030623,16:00:37,69.2092,-133.9984
132,1016,F,20030623,20:00:38,69.2147,-134.0302
133,1016,F,20030624,0:00:37,69.2122,-134.0572
134,1016,F,20030624,4:01:07,69.2119,-134.0584
135,1016,F,20030624,8:01:06,69.2067,-134.103
136,1016,F,20030624,12:01:06,69.2066,-134.1031
137,1016,F,20030624,16:00:38,69.1785,-134.0698
138,1016,F,20030624,20:00:38,69.1385,-134.1196
139,1016,F,20030625,0:02:03,69.1391,-134.1196
140,1016,F,20030625,4:00:38,69.0732,-134.0678
141,1016,F,20030625,8:00:38,69.0319,-134.0555
142,1016,F,20030625,12:01:07,68.9887,-133.9103
143,1016,F,20030625,16:01:06,68.9376,-133.8038
144,1016,F,20030625,20:01:07,68.9377,-133.804
145,1016,F,20030626,0:00:37,68.9377,-133.8036
146,1016,F,20030626,4:01:06,68.9859,-133.7752
147,1016,F,20030626,8:01:55,69.0547,-133.7762
148,1016,F,20030626,12:02:07,69.0537,-133.569
149,1016,F,20030626,16:00:56,69.1007,-133.5158
150,1016,F,20030626,20:00:38,69.1431,-133.5687
151,1016,F,20030627,0:01:07,69.1429,-133.5694
152,1016,F,20030627,4:02:07,69.1216,-133.5394
153,1016,F,20030627,8:01:07,69.1472,-133.7164
154,1016,F,20030627,12:01:07,69.2065,-133.8371
155,1016,F,20030627,16:00:38,69.2064,-133.837
156,1016,F,20030627,20:00:38,69.2104,-133.8276
157,1016,F,20030628,0:00:38,69.2103,-133.8278
158,1016,F,20030628,4:01:07,69.2014,-133.8486
159,1016,F,20030628,8:00:37,69.21,-133.8367
160,1016,F,20030628,12:01:01,69.2073,-133.8367
161,1016,F,20030628,16:00:38,69.2073,-133.8369
162,1016,F,20030628,20:00:38,69.213,-133.816
163,1016,F,20030629,0:00:55,69.213,-133.816
164,1016,F,20030629,4:00:55,69.2045,-133.8735
165,1016,F,20030629,8:01:54,69.2111,-134.0665
166,1016,F,20030629,12:01:07,69.2151,-134.0507
167,1016,F,20030629,16:01:07,69.2132,-134.0419
168,1016,F,20030630,4:01:36,69.2271,-134.0261
169,1016,F,20030630,8:02:07,69.1706,-134.0343
170,1016,F,20030630,12:01:07,69.1263,-133.9182
171,1016,F,20030630,16:01:06,69.0865,-133.911
172,1016,F,20030701,4:01:07,69.0849,-133.9138
173,1016,F,20030701,8:00:38,69.1001,-133.9306
174,1016,F,20030701,12:01:37,69.1421,-133.8719
175,1016,F,20030701,16:01:09,69.1462,-133.8668
176,1016,F,20030701,20:00:51,69.1467,-133.8657
177,1016,F,20030702,0:00:38,69.1422,-133.873
178,1016,F,20030702,4:00:39,69.1456,-133.8672
179,1016,F,20030702,8:01:06,69.1425,-133.8727
180,1016,F,20030702,12:01:07,69.2179,-133.7971
181,1016,F,20030702,16:00:38,69.2193,-133.82
182,1016,F,20030702,20:00:38,69.2193,-133.8199
183,1016,F,20030703,0:00:38,69.2192,-133.8199
184,1016,F,20030703,4:01:06,69.2183,-133.8217
185,1016,F,20030703,8:01:01,69.2055,-133.9879
186,1016,F,20030703,12:01:31,69.2171,-134.0611
187,1016,F,20030703,16:00:38,69.233,-133.9878
188,1016,F,20030704,0:00:38,69.2288,-133.962
189,1016,F,20030704,4:00:38,69.2177,-133.9652
190,1016,F,20030704,12:00:38,69.1707,-134.0341
191,1016,F,20030704,20:01:11,69.1507,-134.0336
192,1016,F,20030705,0:00:37,69.1505,-134.0335
193,1016,F,20030705,4:01:24,69.1388,-134.0035
194,1016,F,20030705,8:00:37,69.1365,-133.9893
195,1016,F,20030705,12:00:55,69.1368,-133.9869
196,1016,F,20030705,20:01:35,69.1377,-133.9847
197,1016,F,20030706,0:00:55,69.1377,-133.9847
198,1016,F,20030706,4:01:01,69.1365,-133.9896
199,1016,F,20030706,8:01:06,69.1006,-133.9351
200,1016,F,20030706,12:00:37,69.0712,-133.8822
201,1016,F,20030706,16:01:01,69.0481,-133.8476
202,1016,F,20030706,20:01:07,69.0491,-133.8339
203,1016,F,20030707,0:00:38,69.0491,-133.8338
204,1016,F,20030707,4:02:37,69.0475,-133.827
205,1016,F,20030707,8:00:38,69.0328,-133.8072
206,1016,F,20030707,12:01:07,69.0187,-133.8201
207,1016,F,20030707,16:00:37,68.9964,-133.8511
208,1016,F,20030707,20:01:06,68.9963,-133.8515
209,1016,F,20030708,0:00:38,68.9963,-133.8515
210,1016,F,20030708,4:01:06,68.9779,-133.8513
211,1016,F,20030708,8:01:07,68.979,-133.844
212,1016,F,20030708,12:00:37,68.9619,-133.8332
213,1016,F,20030708,16:00:38,68.9382,-133.8022
214,1016,F,20030708,20:01:07,68.9382,-133.8019
215,1016,F,20030709,0:00:38,68.9374,-133.8011
216,1016,F,20030709,4:01:07,68.929,-133.7782
217,1016,F,20030709,12:01:07,68.9122,-133.779
218,1016,F,20030709,16:01:07,68.9018,-133.8038
219,1016,F,20030710,4:00:38,68.9018,-133.8046
220,1016,F,20030710,12:01:01,68.9349,-133.8815
221,1016,F,20030710,20:02:11,68.9405,-133.8808
222,1016,F,20030711,0:00:55,68.9425,-133.8744
223,1016,F,20030711,4:01:06,68.9507,-133.8693
224,1016,F,20030711,8:01:08,68.9715,-133.8712
225,1016,F,20030711,12:00:38,68.9981,-133.8254
226,1016,F,20030711,16:01:21,69.0299,-133.8105
227,1016,F,20030712,0:00:37,69.0375,-133.8028
228,1016,F,20030712,4:01:56,69.0435,-133.7973
229,1016,F,20030712,8:00:38,69.0533,-133.8216
230,1016,F,20030712,12:01:07,69.0548,-133.7754
231,1016,F,20030712,16:01:07,69.0721,-133.8244
232,1016,F,20030713,4:00:38,69.0835,-133.9057
233,1016,F,20030713,8:00:57,69.0858,-133.9118
234,1016,F,20030713,12:01:10,69.0822,-133.9051
235,1016,F,20030713,16:00:56,69.0813,-133.906
236,1016,F,20030713,20:01:37,69.0755,-133.8895
237,1016,F,20030714,0:00:55,69.0767,-133.8908
238,1016,F,20030714,4:01:36,69.086,-133.9243
239,1016,F,20030714,8:01:08,69.119,-133.9621
240,1016,F,20030714,12:00:37,69.1382,-134.0051
241,1016,F,20030714,16:00:37,69.1367,-133.9894
242,1016,F,20030715,0:02:05,69.1368,-133.9854
243,1016,F,20030715,4:01:07,69.1359,-134.0379
244,1016,F,20030715,8:00:38,69.1099,-134.0797
245,1016,F,20030715,12:01:06,69.0978,-134.003
246,1016,F,20030715,16:00:37,69.0782,-133.9601
247,1016,F,20030716,0:01:06,69.0782,-133.9592
248,1016,F,20030716,4:01:36,69.0767,-133.8946
249,1016,F,20030716,8:00:38,69.0605,-133.9101
250,1016,F,20030716,12:00:38,69.0528,-133.9222
251,1016,F,20030716,16:01:32,69.0412,-133.915
252,1016,F,20030716,20:00:38,69.0413,-133.9145
253,1016,F,20030717,0:02:41,69.0413,-133.9144
254,1016,F,20030717,4:01:06,69.0382,-133.9216
255,1016,F,20030717,8:00:37,69.0329,-133.9302
256,1016,F,20030717,12:01:01,69.0197,-133.9103
257,1016,F,20030717,16:00:38,68.9806,-133.9603
258,1016,F,20030717,20:00:38,68.9804,-133.96
259,1016,F,20030718,0:00:40,68.9802,-133.9602
260,1016,F,20030718,4:00:38,68.9719,-133.9297
261,1016,F,20030718,8:00:38,68.966,-133.8731
262,1016,F,20030718,16:01:07,68.967,-133.8741
263,1016,F,20030718,20:00:38,68.9671,-133.8739
264,1016,F,20030719,0:00:37,68.9671,-133.8739
265,1016,F,20030719,4:00:38,68.9668,-133.874
266,1016,F,20030719,8:00:38,68.9395,-133.8146
267,1016,F,20030719,12:02:06,68.9368,-133.7998
268,1016,F,20030719,16:01:38,68.9297,-133.78
269,1016,F,20030719,20:01:07,68.9298,-133.78
270,1016,F,20030720,0:00:56,68.9296,-133.7801
271,1016,F,20030720,4:03:05,68.9164,-133.7882
272,1016,F,20030720,8:00:38,68.9009,-133.8079
273,1016,F,20030720,12:00:55,68.9005,-133.811
274,1016,F,20030720,16:00:37,68.8611,-133.8061
275,1016,F,20030720,20:00:37,68.8614,-133.8057
276,1016,F,20030721,4:01:25,68.8613,-133.806
277,1016,F,20030721,8:00:38,68.8527,-133.8103
278,1016,F,20030721,12:00:38,68.8687,-133.8386
279,1016,F,20030721,16:01:06,68.8705,-133.7389
280,1016,F,20030721,20:01:10,68.8771,-133.6849
281,1016,F,20030722,0:00:55,68.8772,-133.6849
282,1016,F,20030722,4:02:01,68.8768,-133.6852
283,1016,F,20030722,8:01:01,68.8973,-133.7321
284,1016,F,20030722,12:01:06,68.9379,-133.8001
285,1016,F,20030722,16:00:38,68.9379,-133.8042
286,1016,F,20030723,0:02:47,68.939,-133.8036
287,1016,F,20030723,4:01:07,68.9357,-133.8155
288,1016,F,20030723,8:01:27,68.9186,-133.851
289,1016,F,20030723,12:00:37,68.9258,-133.8993
290,1016,F,20030723,16:02:02,68.955,-133.9036
291,1016,F,20030723,20:00:40,68.9541,-133.9128
292,1016,F,20030724,0:01:06,68.9545,-133.9144
293,1016,F,20030724,4:01:07,68.9554,-133.9161
294,1016,F,20030724,8:00:38,68.9725,-133.8466
295,1016,F,20030724,12:01:07,69.0021,-133.7353
296,1016,F,20030724,16:01:37,69.0308,-133.6802
297,1016,F,20030724,20:01:55,69.0582,-133.6506
298,1016,F,20030725,0:00:38,69.0581,-133.6505
299,1016,F,20030725,4:00:38,69.0699,-133.6693
300,1016,F,20030725,8:00:38,69.1011,-133.7027
301,1016,F,20030725,12:00:38,69.1129,-133.7299
302,1016,F,20030725,16:00:38,69.1231,-133.7493
303,1016,F,20030725,20:02:25,69.1233,-133.818
304,1016,F,20030726,0:01:01,69.1258,-133.9413
305,1016,F,20030726,4:00:38,69.1169,-133.9443
306,1016,F,20030726,8:00:38,69.1218,-133.9587
307,1016,F,20030726,12:00:38,69.1602,-134.0862
308,1016,F,20030726,16:00:38,69.1859,-134.1489
309,1016,F,20030726,20:00:38,69.1859,-134.149
310,1016,F,20030727,0:00:55,69.1858,-134.1488
311,1016,F,20030727,4:00:55,69.1854,-134.2059
312,1016,F,20030727,8:00:38,69.1508,-134.1251
313,1016,F,20030727,12:00:38,69.1491,-134.1152
314,1016,F,20030727,16:01:07,69.0984,-134.1101
315,1016,F,20030727,20:01:07,69.0709,-134.0607
316,1016,F,20030728,0:03:02,69.0708,-134.0607
317,1016,F,20030728,4:02:21,69.0561,-133.993
318,1016,F,20030728,8:00:38,69.0561,-133.9927
319,1016,F,20030728,16:01:30,69.0435,-133.9632
320,1016,F,20030728,20:00:38,68.9952,-133.8884
321,1016,F,20030729,0:00:37,68.9859,-133.8694
322,1016,F,20030729,4:00:38,68.9746,-133.8276
323,1016,F,20030729,8:00:37,68.9384,-133.8059
324,1016,F,20030729,12:01:43,68.9379,-133.8009
325,1016,F,20030729,16:01:06,68.9018,-133.805
326,1016,F,20030729,20:01:07,68.9019,-133.8045
327,1016,F,20030730,4:00:55,68.9018,-133.8043
328,1016,F,20030730,8:01:07,68.901,-133.8081
329,1016,F,20030730,12:00:38,68.8998,-133.8371
330,1016,F,20030730,16:00:38,68.8928,-133.8477
331,1016,F,20030730,20:01:07,68.8917,-133.8466
332,1016,F,20030731,0:00:38,68.8915,-133.8471
333,1016,F,20030731,4:00:38,68.8982,-133.8444
334,1016,F,20030731,8:00:38,68.9044,-133.8423
335,1016,F,20030731,12:00:38,68.9032,-133.8462
336,1016,F,20030801,4:01:54,68.9142,-133.8589
337,1016,F,20030801,8:01:01,68.9147,-133.8576
338,1016,F,20030801,12:00:40,68.9143,-133.8539
339,1016,F,20030801,16:00:38,68.9107,-133.8322
340,1016,F,20030801,20:00:38,68.9014,-133.8058
341,1016,F,20030802,0:01:31,68.9014,-133.8057
342,1016,F,20030802,4:00:37,68.8706,-133.7893
343,1016,F,20030802,8:00:39,68.8614,-133.8681
344,1016,F,20030802,12:00:38,68.8591,-133.884
345,1016,F,20030802,16:01:07,68.8796,-133.9056
346,1016,F,20030802,20:00:38,68.8795,-133.9062
347,1016,F,20030803,0:00:56,68.8796,-133.9062
348,1016,F,20030803,4:01:07,68.8795,-133.91
349,1016,F,20030803,8:00:38,68.8906,-133.8733
350,1016,F,20030803,12:00:55,68.8963,-133.8827
351,1016,F,20030803,16:01:25,68.9016,-133.8697
352,1016,F,20030803,20:00:39,68.9027,-133.8581
353,1016,F,20030804,0:01:06,68.9031,-133.8582
354,1016,F,20030804,4:01:07,68.9049,-133.8585
355,1016,F,20030804,8:00:38,68.9021,-133.8485
356,1016,F,20030804,12:01:08,68.893,-133.8615
357,1016,F,20030804,16:00:58,68.8855,-133.8609
358,1016,F,20030805,0:00:38,68.8851,-133.8578
359,1016,F,20030805,4:01:02,68.8924,-133.8588
360,1016,F,20030805,8:01:06,68.8991,-133.8615
361,1016,F,20030805,12:01:05,68.9011,-133.8817
362,1016,F,20030805,16:01:06,68.9096,-133.8991
363,1016,F,20030805,20:00:38,68.91,-133.898
364,1016,F,20030806,4:00:37,68.9248,-133.892
365,1016,F,20030806,8:01:08,68.945,-133.9185
366,1016,F,20030806,12:00:38,68.9493,-133.9176
367,1016,F,20030806,16:00:59,68.9511,-133.9171
368,1016,F,20030806,20:02:42,68.9541,-133.9168
369,1016,F,20030807,0:00:38,68.9539,-133.9176
370,1016,F,20030807,4:00:38,68.9507,-133.9118
371,1016,F,20030807,8:00:38,68.9444,-133.8981
372,1016,F,20030807,12:01:11,68.9474,-133.9177
373,1016,F,20030807,16:01:07,68.9408,-133.9328
374,1016,F,20030807,20:01:08,68.9452,-133.9408
375,1016,F,20030808,0:01:06,68.9454,-133.9399
376,1016,F,20030808,4:00:38,68.942,-133.9364
377,1016,F,20030808,8:00:38,68.932,-133.9392
378,1016,F,20030808,12:00:38,68.9367,-133.9465
379,1016,F,20030808,16:01:06,68.95,-133.9339
380,1016,F,20030808,20:01:01,68.9512,-133.9175
381,1016,F,20030809,0:01:06,68.9541,-133.9123
382,1016,F,20030809,4:00:41,68.9547,-133.8981
383,1016,F,20030809,8:00:38,68.9388,-133.807
384,1016,F,20030809,12:01:07,68.9379,-133.8012
385,1016,F,20030809,16:01:07,68.9494,-133.8968
386,1016,F,20030810,0:00:55,68.9501,-133.9079
387,1016,F,20030810,4:02:07,68.9538,-133.9188
388,1016,F,20030810,12:01:07,68.958,-133.9191
389,1016,F,20030810,16:01:02,68.9502,-133.9125
390,1016,F,20030810,20:01:06,68.9384,-133.8804
391,1016,F,20030811,0:00:38,68.9384,-133.8804
392,1016,F,20030811,4:00:37,68.926,-133.8774
393,1016,F,20030811,8:00:38,68.9203,-133.9009
394,1016,F,20030811,12:01:06,68.9195,-133.9002
395,1016,F,20030811,16:00:37,68.8974,-133.9026
396,1016,F,20030811,20:00:38,68.8934,-133.8797
397,1016,F,20030812,4:00:37,68.8884,-133.8761
398,1016,F,20030812,8:00:38,68.8875,-133.8875
399,1016,F,20030812,12:00:38,68.8845,-133.8857
400,1016,F,20030812,16:01:01,68.8962,-133.8823
401,1016,F,20030813,0:01:01,68.9035,-133.8523
402,1016,F,20030813,4:00:38,68.907,-133.8493
403,1016,F,20030813,8:00:37,68.9294,-133.8188
404,1016,F,20030813,12:00:38,68.9385,-133.806
405,1016,F,20030813,16:00:38,68.9384,-133.806
406,1016,F,20030813,20:00:42,68.9763,-133.7623
407,1016,F,20030814,0:00:37,69.0037,-133.8017
408,1016,F,20030814,4:01:07,69.017,-133.7716
409,1016,F,20030814,8:00:38,69.0055,-133.7297
410,1016,F,20030814,16:00:37,69.0061,-133.674
411,1016,F,20030815,0:00:38,69.0562,-133.6925
412,1016,F,20030815,4:01:58,69.0754,-133.6607
413,1016,F,20030815,8:00:55,69.1033,-133.6566
414,1016,F,20030815,12:02:00,69.1434,-133.6695
415,1016,F,20030815,16:00:38,69.1433,-133.6689
416,1016,F,20030815,20:00:37,69.1445,-133.6688
417,1016,F,20030816,0:01:31,69.1426,-133.6697
418,1016,F,20030816,4:00:44,69.1441,-133.661
419,1016,F,20030816,8:00:38,69.1426,-133.6704
420,1016,F,20030816,12:00:37,69.1434,-133.6695
421,1016,F,20030816,16:01:05,69.1427,-133.6704
422,1016,F,20030816,20:00:38,69.1429,-133.6709
423,1016,F,20030817,0:00:55,69.1429,-133.6709
424,1016,F,20030817,4:01:07,69.1616,-133.6916
425,1016,F,20030817,8:00:38,69.1837,-133.6504
426,1016,F,20030817,12:01:30,69.1428,-133.6704
427,1016,F,20030817,16:00:55,69.1402,-133.7027
428,1016,F,20030817,20:00:37,69.1473,-133.7002
429,1016,F,20030818,0:00:38,69.1473,-133.7003
430,1016,F,20030818,4:00:37,69.1645,-133.7366
431,1016,F,20030818,8:01:25,69.2051,-133.8345
432,1016,F,20030818,12:00:38,69.2338,-133.8551
433,1016,F,20030818,16:00:38,69.2638,-133.9112
434,1016,F,20030818,20:00:37,69.2535,-133.9849
435,1016,F,20030819,4:00:38,69.2546,-133.9776
436,1016,F,20030819,8:01:06,69.2481,-134.0235
437,1016,F,20030819,12:00:37,69.2478,-134.0289
438,1016,F,20030819,16:00:38,69.2125,-134.0393
439,1016,F,20030819,20:01:08,69.198,-134.0255
440,1016,F,20030820,0:01:06,69.1813,-133.9893
441,1016,F,20030820,4:00:38,69.1644,-133.9862
442,1016,F,20030820,8:01:07,69.141,-133.9554
443,1016,F,20030820,12:00:38,69.141,-133.9554
444,1016,F,20030820,16:00:38,69.0936,-133.9286
445,1016,F,20030820,20:00:38,69.0637,-133.9407
446,1016,F,20030821,0:00:37,69.0546,-133.9372
447,1016,F,20030821,4:00:38,69.0068,-133.9391
448,1016,F,20030821,12:00:18,68.9727,-133.9526
449,1016,F,20030821,16:00:39,68.9648,-133.9651
450,1016,F,20030821,20:00:37,68.95,-133.9338
451,1016,F,20030822,0:01:06,68.9495,-133.9204
452,1016,F,20030822,4:01:07,68.9449,-133.8915
453,1016,F,20030822,8:01:06,68.9384,-133.8054
454,1016,F,20030822,12:00:55,68.9384,-133.8064
455,1016,F,20030822,16:00:38,68.9364,-133.7964
456,1016,F,20030822,20:01:31,68.9375,-133.7963
457,1016,F,20030823,0:00:38,68.9375,-133.7962
458,1016,F,20030823,4:01:02,68.9375,-133.7962
459,1016,F,20030823,8:00:45,68.9375,-133.7961
460,1016,F,20030823,12:00:55,68.9375,-133.7962
461,1016,F,20030823,16:00:38,68.9375,-133.7962
462,1016,F,20030823,20:01:07,68.9374,-133.7962
463,1016,F,20030824,0:01:24,68.9363,-133.7974
464,1016,F,20030824,4:01:06,68.9362,-133.7977
465,1016,F,20030824,8:01:06,68.9363,-133.7975
466,1016,F,20030824,12:01:06,68.9362,-133.7976
467,1016,F,20030824,16:02:12,68.9362,-133.7973
468,1016,F,20030824,20:00:38,68.9363,-133.7974
469,1016,F,20030825,4:01:25,68.9383,-133.7998
470,1016,F,20030825,8:01:07,68.9374,-133.7962
471,1016,F,20030825,12:01:07,68.9374,-133.7962
472,1016,F,20030825,16:00:38,68.9366,-133.7961
473,1016,F,20030825,20:01:07,68.9361,-133.7974
474,1016,F,20030826,4:00:55,68.9361,-133.7975
475,1016,F,20030826,8:01:06,68.9374,-133.7962
476,1016,F,20030826,12:01:32,68.9374,-133.7961
477,1016,F,20030826,16:01:03,68.936,-133.7961
478,1016,F,20030826,20:01:02,68.9366,-133.7961
479,1016,F,20030827,0:01:06,68.9364,-133.796
480,1016,F,20030827,4:00:38,68.9361,-133.7976
481,1016,F,20030827,16:00:38,68.9379,-133.8002
482,1016,F,20030827,20:01:07,68.9366,-133.7961
483,1016,F,20030828,0:03:07,68.9366,-133.7962
484,1016,F,20030828,4:00:38,68.9361,-133.7975
485,1016,F,20030828,12:00:37,68.936,-133.7973
486,1016,F,20030828,16:01:58,68.9381,-133.8023
487,1016,F,20030828,20:00:37,68.914,-133.839
488,1016,F,20030829,4:00:38,68.8872,-133.7961
489,1016,F,20030829,8:01:06,68.8681,-133.8562
490,1016,F,20030829,12:00:39,68.8678,-133.8561
491,1016,F,20030829,16:00:38,68.8812,-133.8681
492,1016,F,20030829,20:01:30,68.8983,-133.8434
493,1016,F,20030830,4:01:07,68.9129,-133.8548
494,1016,F,20030830,8:01:07,68.9363,-133.7976
495,1016,F,20030830,12:01:07,68.9361,-133.7975
496,1016,F,20030830,16:01:06,68.9368,-133.7965
497,1016,F,20030830,20:01:02,68.9363,-133.7978
498,1016,F,20030831,0:03:07,68.9451,-133.854
499,1016,F,20030831,4:01:06,68.952,-133.8901
500,1016,F,20030831,8:00:38,68.9497,-133.8992
501,1016,F,20030831,16:02:07,68.9488,-133.9133
502,1016,F,20030831,20:00:37,68.9549,-133.9047
503,1016,F,20030901,0:01:36,68.9548,-133.9051
504,1016,F,20030901,4:01:40,68.9554,-133.8929
505,1016,F,20030901,8:01:07,68.9378,-133.8002
506,1016,F,20030901,12:02:45,68.9379,-133.8013
507,1016,F,20030901,16:01:07,68.9239,-133.7746
508,1016,F,20030901,20:00:38,68.9078,-133.8368
509,1016,F,20030902,0:00:38,68.9032,-133.8464
510,1016,F,20030902,4:01:07,68.9055,-133.8585
511,1016,F,20030902,8:01:07,68.9078,-133.8658
512,1016,F,20030902,12:01:06,68.908,-133.8658
513,1016,F,20030902,16:01:07,68.9329,-133.8131
514,1016,F,20030902,20:00:37,68.9378,-133.8014
515,1016,F,20030903,0:01:09,68.9361,-133.7977
516,1016,F,20030903,4:00:38,68.9403,-133.9101
517,1016,F,20030903,8:01:07,68.9426,-133.9383
518,1016,F,20030903,12:00:55,68.9423,-133.9374
519,1016,F,20030903,16:00:56,68.9408,-133.9328
520,1016,F,20030903,20:00:38,68.9446,-133.9381
521,1016,F,20030904,0:00:38,68.9467,-133.9322
522,1016,F,20030904,4:00:55,68.9662,-133.9577
523,1016,F,20030904,8:00:38,68.9849,-133.9598
524,1016,F,20030904,12:00:37,68.9849,-133.9598
525,1016,F,20030904,16:01:07,69.0071,-133.97
526,1016,F,20030904,20:00:37,69.0391,-133.9623
527,1016,F,20030905,0:00:37,69.0412,-134.0263
528,1016,F,20030905,4:01:01,69.0768,-133.9706
529,1016,F,20030905,8:00:38,69.0792,-133.938
530,1016,F,20030905,12:00:37,69.079,-133.9383
531,1016,F,20030905,16:00:38,69.1023,-133.9262
532,1016,F,20030905,20:01:07,69.1412,-133.9522
533,1016,F,20030906,0:01:06,69.1471,-133.9532
534,1016,F,20030906,4:00:55,69.1654,-133.9881
535,1016,F,20030906,8:00:38,69.1643,-133.9963
536,1016,F,20030906,12:00:37,69.1643,-133.9964
537,1016,F,20030906,16:01:07,69.157,-133.9403
538,1016,F,20030906,20:00:38,69.1577,-133.7709
539,1016,F,20030907,0:01:07,69.1037,-133.6675
540,1016,F,20030907,4:01:05,69.0779,-133.6705
541,1016,F,20030907,8:00:38,69.075,-133.6786
542,1016,F,20030907,12:00:38,69.075,-133.6786
543,1016,F,20030907,16:01:30,69.047,-133.6053
544,1016,F,20030907,20:00:38,69.0232,-133.5596
545,1016,F,20030908,0:01:01,69.0188,-133.5532
546,1016,F,20030908,4:01:07,69.0168,-133.5529
547,1016,F,20030908,8:00:38,69.015,-133.5703
548,1016,F,20030908,12:00:38,69.015,-133.5703
549,1016,F,20030908,16:00:38,69.0081,-133.5771
550,1016,F,20030908,20:00:38,69.0067,-133.5763
551,1016,F,20030909,0:01:06,69.0031,-133.5871
552,1016,F,20030909,4:00:37,69.0004,-133.6196
553,1016,F,20030909,8:00:37,68.9981,-133.656
554,1016,F,20030909,12:01:07,68.9982,-133.6558
555,1016,F,20030909,16:01:37,69.0034,-133.6959
556,1016,F,20030909,20:00:38,68.9996,-133.6935
557,1016,F,20030910,0:01:01,69.0007,-133.694
558,1016,F,20030910,4:00:38,69.0104,-133.7688
559,1016,F,20030910,8:00:38,69.0066,-133.8164
560,1016,F,20030910,12:00:37,69.0066,-133.8164
561,1016,F,20030910,16:01:07,69.0018,-133.8132
562,1016,F,20030910,20:01:07,68.9362,-133.7976
563,1016,F,20030911,0:00:38,68.9368,-133.7959
564,1016,F,20030911,4:00:37,68.9375,-133.7961
565,1016,F,20030911,8:00:38,68.9375,-133.7962
566,1016,F,20030911,12:00:58,68.9375,-133.7962
567,1016,F,20030911,16:02:01,68.9375,-133.796
568,1016,F,20030911,20:00:37,68.9361,-133.7977
569,1016,F,20030912,0:01:06,68.9179,-133.8414
570,1016,F,20030912,4:01:07,68.9128,-133.8574
571,1016,F,20030912,8:00:38,68.913,-133.8559
572,1016,F,20030912,12:01:07,68.9131,-133.8572
573,1016,F,20030912,16:00:38,68.9024,-133.8879
574,1016,F,20030912,20:00:37,68.9018,-133.8774
575,1016,F,20030913,0:00:37,68.9017,-133.8758
576,1016,F,20030913,4:00:39,68.9024,-133.872
577,1016,F,20030913,8:00:38,68.9013,-133.8636
578,1016,F,20030913,16:00:38,68.9012,-133.8637
579,1016,F,20030913,20:00:58,68.9056,-133.8639
580,1016,F,20030914,0:01:25,68.9046,-133.8595
581,1016,F,20030914,4:00:38,68.9039,-133.8642
582,1016,F,20030914,8:01:07,68.9364,-133.7963
583,1016,F,20030914,16:00:38,68.9365,-133.7967
584,1016,F,20030914,20:00:38,68.9361,-133.7976
585,1016,F,20030915,0:01:06,68.9317,-133.7812
586,1016,F,20030915,4:00:38,68.9251,-133.6924
587,1016,F,20030915,8:00:38,68.9294,-133.6422
588,1016,F,20030915,12:01:07,68.9293,-133.6421
589,1016,F,20030915,16:01:06,68.9254,-133.6571
590,1016,F,20030915,20:00:55,68.876,-133.5922
591,1016,F,20030916,0:01:30,68.871,-133.5519
592,1016,F,20030916,4:01:07,68.8784,-133.5165
593,1016,F,20030916,8:01:25,68.8798,-133.5167
594,1016,F,20030916,12:00:38,68.8797,-133.5164
595,1016,F,20030916,16:00:38,68.8838,-133.5088
596,1016,F,20030916,20:01:07,68.8968,-133.4861
597,1016,F,20030917,0:00:38,68.9084,-133.4832
598,1016,F,20030917,4:00:38,68.9145,-133.4733
599,1016,F,20030917,8:00:38,68.9145,-133.4723
600,1016,F,20030917,12:00:38,68.9145,-133.4734
601,1016,F,20030917,16:00:38,68.9135,-133.4773
602,1016,F,20030917,20:00:37,68.9301,-133.5129
603,1016,F,20030918,0:00:37,68.9497,-133.549
604,1016,F,20030918,4:00:38,68.951,-133.56
605,1016,F,20030918,8:00:38,68.9513,-133.5582
606,1016,F,20030918,12:00:38,68.9513,-133.5582
607,1016,F,20030918,16:00:37,68.9697,-133.545
608,1016,F,20030918,20:00:39,68.9716,-133.5427
609,1016,F,20030919,0:00:37,69.0022,-133.5691
610,1016,F,20030919,4:00:38,69.0118,-133.5793
611,1016,F,20030919,8:00:38,69.0111,-133.5786
612,1016,F,20030919,12:00:38,69.0111,-133.5787
613,1016,F,20030919,16:00:37,69.009,-133.6093
614,1016,F,20030919,20:00:38,69.0059,-133.6801
615,1016,F,20030920,0:01:01,69.0064,-133.7229
616,1016,F,20030920,4:01:08,68.9916,-133.9159
617,1016,F,20030920,8:01:06,68.9586,-133.8423
618,1016,F,20030920,12:01:06,68.9585,-133.842
619,1016,F,20030920,16:01:07,68.9361,-133.7974
620,1016,F,20030920,20:00:38,68.9363,-133.7977
621,1016,F,20030921,0:00:56,68.9363,-133.7974
622,1016,F,20030921,4:00:37,68.9362,-133.7976
623,1016,F,20030921,8:01:07,68.9365,-133.7965
624,1016,F,20030921,12:00:38,68.9366,-133.7969
625,1016,F,20030921,16:00:37,68.9365,-133.7967
626,1016,F,20030921,20:00:38,68.9362,-133.7976
627,1016,F,20030922,0:00:38,68.9362,-133.7975
628,1016,F,20030922,4:00:37,68.9358,-133.7959
629,1016,F,20030922,8:00:38,68.9363,-133.7971
630,1016,F,20030922,12:01:07,68.9361,-133.7973
631,1016,F,20030922,16:00:40,68.9362,-133.7976
632,1016,F,20030922,20:00:38,68.9333,-133.8001
633,1016,F,20030923,0:00:38,68.9127,-133.8277
634,1016,F,20030923,4:00:37,68.9099,-133.8351
635,1016,F,20030923,8:00:38,68.9123,-133.839
636,1016,F,20030923,12:00:38,68.9106,-133.8367
637,1016,F,20030923,16:01:00,68.9106,-133.8368
638,1016,F,20030923,20:00:37,68.9012,-133.8429
639,1016,F,20030924,0:00:40,68.8996,-133.8463
640,1016,F,20030924,4:00:38,68.8991,-133.85
641,1016,F,20030924,8:00:38,68.8992,-133.8499
642,1016,F,20030924,12:00:38,68.8991,-133.85
643,1016,F,20030924,16:01:07,68.8987,-133.847
644,1016,F,20030924,20:01:06,68.897,-133.8427
645,1016,F,20030925,0:00:37,68.8923,-133.8474
646,1016,F,20030925,4:01:06,68.8922,-133.8426
647,1016,F,20030925,8:02:07,68.8922,-133.8425
648,1016,F,20030925,12:02:26,68.8921,-133.8427
649,1016,F,20030925,16:00:38,68.8922,-133.8425
650,1016,F,20030925,20:01:07,68.8938,-133.8494
651,1016,F,20030926,0:00:41,68.8949,-133.8505
652,1016,F,20030927,0:01:06,68.895,-133.8473
653,1016,F,20030927,20:00:38,68.8951,-133.8464
654,1016,F,20030929,0:01:06,68.8949,-133.8482
655,1016,F,20030929,20:00:38,68.8952,-133.8473
656,1016,F,20030930,0:00:37,68.8947,-133.8478
657,1016,F,20030930,4:01:07,68.8953,-133.8475
658,1016,F,20030930,16:00:38,68.895,-133.8464
659,1016,F,20030930,20:00:38,68.8954,-133.8482
660,1016,F,20031001,0:00:38,68.8925,-133.8477
661,1016,F,20031001,4:00:37,68.8925,-133.8425
662,1016,F,20031001,8:00:37,68.8922,-133.8426
663,1016,F,20031001,12:00:38,68.8922,-133.8425
664,1016,F,20031001,16:00:56,68.887,-133.8285
665,1016,F,20031001,20:00:38,68.8614,-133.8062
666,1016,F,20031002,0:00:38,68.8612,-133.8061
667,1016,F,20031002,4:01:27,68.8611,-133.8062
668,1016,F,20031002,8:00:38,68.8611,-133.8061
669,1016,F,20031002,12:01:06,68.8613,-133.8062
670,1016,F,20031002,16:00:56,68.8613,-133.8063
671,1016,F,20031002,20:01:06,68.8613,-133.8061
672,1016,F,20031003,0:00:38,68.8614,-133.8062
673,1016,F,20031003,4:01:37,68.8613,-133.8062
674,1016,F,20031003,8:00:38,68.8612,-133.8063
675,1016,F,20031003,12:01:06,68.8612,-133.8061
676,1016,F,20031003,16:00:38,68.8613,-133.8062
677,1016,F,20031003,20:01:01,68.8613,-133.8061
678,1016,F,20031004,0:00:37,68.8619,-133.8077
679,1016,F,20031004,4:00:56,68.8612,-133.8061
680,1016,F,20031004,12:00:37,68.8613,-133.8061
681,1016,F,20031004,16:00:37,68.8645,-133.8218
682,1016,F,20031004,20:00:38,68.8602,-133.8362
683,1016,F,20031006,0:01:07,68.8613,-133.8058
684,1016,F,20031006,4:00:38,68.8609,-133.788
685,1016,F,20031006,8:01:07,68.8611,-133.7893
686,1016,F,20031006,12:00:38,68.8611,-133.7897
687,1016,F,20031006,16:01:01,68.8618,-133.7898
688,1016,F,20031006,20:01:37,68.8611,-133.8067
689,1016,F,20031007,0:00:38,68.8561,-133.8518
690,1016,F,20031007,4:00:37,68.8606,-133.8654
691,1016,F,20031007,8:01:06,68.8607,-133.8654
692,1016,F,20031007,12:00:38,68.8607,-133.8654
693,1016,F,20031007,16:00:38,68.8616,-133.8654
694,1016,F,20031007,20:00:38,68.8611,-133.8715
695,1016,F,20031008,0:00:37,68.8612,-133.8063
696,1016,F,20031008,4:00:38,68.9094,-133.7763
697,1016,F,20031008,12:00:55,68.9365,-133.7959
698,1016,F,20031008,16:00:37,68.9376,-133.8058
699,1016,F,20031008,20:00:37,68.9125,-133.8531
700,1016,F,20031009,0:01:06,68.911,-133.8719
701,1016,F,20031009,4:00:38,68.9094,-133.8889
702,1016,F,20031009,8:00:38,68.9095,-133.8888
703,1016,F,20031009,12:00:38,68.9094,-133.8888
704,1016,F,20031009,16:00:38,68.9093,-133.8893
705,1016,F,20031009,20:00:38,68.902,-133.8949
706,1016,F,20031010,0:01:06,68.9009,-133.8882
707,1016,F,20031010,4:00:37,68.9026,-133.883
708,1016,F,20031010,8:00:38,68.9026,-133.883
709,1016,F,20031010,12:00:38,68.9026,-133.883
710,1016,F,20031010,16:00:47,68.9026,-133.8834
711,1016,F,20031010,20:00:38,68.902,-133.8757
712,1016,F,20031011,0:00:37,68.9007,-133.8544
713,1016,F,20031011,4:01:01,68.9014,-133.8562
714,1016,F,20031011,8:01:01,68.9014,-133.8564
715,1016,F,20031011,12:00:38,68.9014,-133.8562
716,1016,F,20031011,16:00:38,68.9014,-133.8562
717,1016,F,20031011,20:00:37,68.9019,-133.8474
718,1016,F,20031012,0:00:55,68.8993,-133.8479
719,1016,F,20031012,4:00:38,68.8991,-133.8499
720,1016,F,20031012,8:00:37,68.8992,-133.8499
721,1016,F,20031012,12:00:38,68.8991,-133.8499
722,1016,F,20031012,16:00:37,68.8994,-133.8507
723,1016,F,20031012,20:00:38,68.8962,-133.8311
724,1016,F,20031013,0:01:06,68.8944,-133.8546
725,1016,F,20031013,20:00:37,68.8951,-133.8463
726,1016,F,20031014,20:00:38,68.8952,-133.8449
727,1016,F,20031015,0:00:38,68.895,-133.8468
728,1016,F,20031015,20:00:38,68.895,-133.846
729,1016,F,20031020,20:00:38,68.8949,-133.8455
730,1016,F,20031113,16:02:42,68.8955,-133.8476
731,1016,F,20040417,0:00:55,68.8953,-133.8466
732,1016,F,20040421,8:02:41,68.8953,-133.8475
733,1016,F,20040508,0:02:32,68.8953,-133.8476
734,1016,F,20040515,0:00:55,68.895,-133.8466
735,1016,F,20040516,16:00:38,68.8951,-133.8464
736,1016,F,20040517,16:01:07,68.895,-133.8463
737,1016,F,20040518,16:00:38,68.8951,-133.8467
738,1016,F,20040518,20:00:56,68.8949,-133.8465
739,1016,F,20040519,12:00:37,68.895,-133.8463
740,1016,F,20040520,16:01:07,68.895,-133.8464
741,1016,F,20040521,16:00:38,68.895,-133.8462
742,1016,F,20040522,16:00:39,68.8951,-133.8466
743,1016,F,20040523,20:00:38,68.8951,-133.8469
744,1016,F,20040524,4:00:39,68.8951,-133.8466
745,1016,F,20040524,8:01:24,68.8951,-133.8465
746,1016,F,20040524,12:01:25,68.8951,-133.8451
747,1016,F,20040524,16:00:38,68.8955,-133.8468
748,1016,F,20040524,20:00:38,68.8953,-133.8468
749,1016,F,20040525,4:00:37,68.8951,-133.8461
750,1016,F,20040528,20:00:38,68.8938,-133.8453
751,1016,F,20040529,0:00:38,68.894,-133.8455
752,1016,F,20040529,4:00:37,68.894,-133.8455
753,1016,F,20040529,8:00:38,68.894,-133.8455
754,1016,F,20040529,12:00:38,68.894,-133.8455
755,1016,F,20040529,16:01:07,68.894,-133.8454
756,1016,F,20040529,20:00:38,68.8929,-133.8424
757,1016,F,20040530,0:00:55,68.8927,-133.8422
758,1016,F,20040530,4:00:37,68.8925,-133.8425
759,1016,F,20040530,8:00:37,68.8924,-133.8422
760,1016,F,20040530,12:00:38,68.8925,-133.8425
761,1016,F,20040530,16:00:38,68.8927,-133.8426
762,1016,F,20040530,20:00:38,68.9229,-133.7852
763,1016,F,20040531,0:00:38,68.9227,-133.7829
764,1016,F,20040531,4:00:38,68.9226,-133.7828
765,1016,F,20040531,8:00:38,68.9226,-133.7829
766,1016,F,20040531,12:00:38,68.9226,-133.7829
767,1016,F,20040531,16:00:38,68.9227,-133.783
768,1016,F,20040531,20:00:38,68.9225,-133.7831
769,1016,F,20040601,0:00:37,68.9225,-133.7828
770,1016,F,20040601,4:00:38,68.9226,-133.7828
771,1016,F,20040601,8:00:38,68.9227,-133.783
772,1016,F,20040601,12:00:38,68.9227,-133.783
773,1016,F,20040601,16:00:38,68.9226,-133.7829
774,1016,F,20040601,20:00:38,68.9226,-133.7829
775,1016,F,20040602,0:01:04,68.9224,-133.7829
776,1016,F,20040602,4:00:38,68.9226,-133.7827
777,1016,F,20040602,8:00:38,68.9228,-133.7837
778,1016,F,20040602,12:00:38,68.9227,-133.7831
779,1016,F,20040602,16:01:06,68.9227,-133.7831
780,1016,F,20040602,20:00:38,68.9217,-133.7813
781,1016,F,20040603,0:00:38,68.9226,-133.7829
782,1016,F,20040603,4:00:38,68.9228,-133.7829
783,1016,F,20040603,8:00:38,68.9226,-133.7829
784,1016,F,20040603,12:00:38,68.9226,-133.7828
785,1016,F,20040603,16:00:38,68.9225,-133.7823
786,1016,F,20040603,20:00:38,68.9225,-133.7812
787,1016,F,20040604,0:00:38,68.9227,-133.7814
788,1016,F,20040604,4:00:38,68.9228,-133.7805
789,1016,F,20040604,8:00:38,68.9227,-133.7805
790,1016,F,20040604,12:00:38,68.9228,-133.7804
791,1016,F,20040604,16:00:40,68.9222,-133.781
792,1016,F,20040604,20:00:37,68.9226,-133.7829
793,1016,F,20040605,4:01:06,68.9227,-133.7827
794,1016,F,20040605,8:00:39,68.9226,-133.783
795,1016,F,20040605,12:01:07,68.9227,-133.7829
796,1016,F,20040605,16:00:38,68.923,-133.7858
797,1016,F,20040605,20:00:38,68.9225,-133.7829
798,1016,F,20040606,0:01:25,68.9226,-133.7829
799,1016,F,20040606,4:00:38,68.9227,-133.7829
800,1016,F,20040606,8:01:06,68.923,-133.7845
801,1016,F,20040606,12:00:38,68.9229,-133.7845
802,1016,F,20040606,16:00:38,68.9208,-133.7733
803,1016,F,20040606,20:01:06,68.9218,-133.7888
804,1016,F,20040607,0:03:07,68.9226,-133.7829
805,1016,F,20040607,4:00:37,68.923,-133.7828
806,1016,F,20040607,8:00:38,68.9227,-133.7829
807,1016,F,20040607,12:00:38,68.9226,-133.7829
808,1016,F,20040607,16:00:37,68.926,-133.7805
809,1016,F,20040607,20:01:06,68.9224,-133.7831
810,1016,F,20040608,0:01:07,68.9224,-133.7828
811,1016,F,20040608,4:00:38,68.9226,-133.786
812,1016,F,20040608,8:00:38,68.9227,-133.7831
813,1016,F,20040608,12:00:38,68.9226,-133.7829
814,1016,F,20040608,16:00:38,68.9226,-133.7796
815,1016,F,20040608,20:01:07,68.9226,-133.783
816,1016,F,20040609,0:01:07,68.9229,-133.7852
817,1016,F,20040609,4:00:38,68.9206,-133.7913
818,1016,F,20040609,8:00:38,68.9199,-133.7926
819,1016,F,20040609,12:00:38,68.92,-133.7926
820,1016,F,20040609,16:00:38,68.92,-133.792
821,1016,F,20040609,20:00:52,68.9199,-133.7926
822,1016,F,20040610,0:00:38,68.92,-133.7927
823,1016,F,20040610,4:00:38,68.92,-133.7926
824,1016,F,20040610,8:00:56,68.9201,-133.7886
825,1016,F,20040610,12:00:37,68.9199,-133.7924
826,1016,F,20040610,16:00:38,68.9206,-133.7945
827,1016,F,20040610,20:00:38,68.9186,-133.7948
828,1016,F,20040611,0:00:37,68.9173,-133.7937
829,1016,F,20040611,4:00:38,68.9183,-133.7942
830,1016,F,20040611,8:00:38,68.9206,-133.7937
831,1016,F,20040611,12:00:37,68.9206,-133.794
832,1016,F,20040611,16:00:38,68.9208,-133.7933
833,1016,F,20040611,20:00:38,68.9262,-133.7872
834,1016,F,20040612,0:01:06,68.9249,-133.7706
835,1016,F,20040612,4:00:37,68.9249,-133.7709
836,1016,F,20040612,8:01:07,68.9286,-133.7772
837,1016,F,20040612,12:00:38,68.9286,-133.7773
838,1016,F,20040612,16:01:08,68.9318,-133.7712
839,1016,F,20040612,20:00:38,68.9347,-133.7767
840,1016,F,20040613,0:00:56,68.9339,-133.7683
841,1016,F,20040613,4:00:38,68.9349,-133.7624
842,1016,F,20040613,8:00:38,68.9349,-133.7624
843,1016,F,20040613,12:00:38,68.9349,-133.7623
844,1016,F,20040613,16:00:37,68.9353,-133.7625
845,1016,F,20040613,20:00:38,68.9421,-133.7592
846,1016,F,20040614,0:01:06,68.9477,-133.7551
847,1016,F,20040614,4:01:07,68.9481,-133.755
848,1016,F,20040614,8:00:37,68.9478,-133.7547
849,1016,F,20040614,12:00:38,68.9479,-133.7548
850,1016,F,20040614,16:00:38,68.9478,-133.7542
851,1016,F,20040614,20:01:07,68.9476,-133.7555
852,1016,F,20040615,0:00:37,68.9481,-133.755
853,1016,F,20040615,4:00:38,68.948,-133.7551
854,1016,F,20040615,8:01:07,68.948,-133.755
855,1016,F,20040615,12:01:06,68.9482,-133.7551
856,1016,F,20040615,16:01:07,68.948,-133.7559
857,1016,F,20040615,20:00:37,68.9478,-133.7551
858,1016,F,20040616,0:00:49,68.9479,-133.7545
859,1016,F,20040616,4:00:38,68.9481,-133.7557
860,1016,F,20040616,8:01:07,68.9479,-133.754
861,1016,F,20040616,12:00:37,68.948,-133.7545
862,1016,F,20040616,16:00:38,68.9481,-133.7537
863,1016,F,20040616,20:00:37,68.9478,-133.7547
864,1016,F,20040617,0:00:38,68.9482,-133.7548
865,1016,F,20040617,4:01:07,68.9481,-133.7546
866,1016,F,20040617,8:01:06,68.9478,-133.7548
867,1016,F,20040617,12:00:37,68.9481,-133.7551
868,1016,F,20040617,16:00:38,68.9482,-133.7543
869,1016,F,20040617,20:00:56,68.948,-133.7546
870,1016,F,20040618,0:00:37,68.948,-133.7546
871,1016,F,20040618,4:01:07,68.9478,-133.7546
872,1016,F,20040618,8:01:24,68.9479,-133.755
873,1016,F,20040618,12:00:37,68.948,-133.7541
874,1016,F,20040618,16:00:38,68.948,-133.7569
875,1016,F,20040618,20:00:37,68.948,-133.7546
876,1016,F,20040619,0:00:38,68.948,-133.7545
877,1016,F,20040619,4:00:37,68.9478,-133.7549
878,1016,F,20040619,8:00:38,68.9478,-133.7541
879,1016,F,20040619,12:00:38,68.9478,-133.7541
880,1016,F,20040619,16:01:07,68.9481,-133.7544
881,1016,F,20040619,20:02:23,68.9481,-133.7549
882,1016,F,20040620,0:01:31,68.948,-133.7545
883,1016,F,20040620,4:00:38,68.9474,-133.7542
884,1016,F,20040620,8:01:07,68.9478,-133.7542
885,1016,F,20040620,12:00:37,68.948,-133.7545
886,1016,F,20040620,16:00:38,68.9479,-133.7552
887,1016,F,20040620,20:01:08,68.948,-133.7546
888,1016,F,20040621,0:00:38,68.948,-133.7545
889,1016,F,20040621,4:00:37,68.9478,-133.7547
890,1016,F,20040621,8:01:07,68.9479,-133.7542
891,1016,F,20040621,12:00:38,68.9478,-133.7539
892,1016,F,20040621,16:01:06,68.948,-133.7552
893,1016,F,20040621,20:00:38,68.948,-133.755
894,1016,F,20040622,0:00:57,68.9481,-133.7544
895,1016,F,20040622,4:00:38,68.948,-133.7544
896,1016,F,20040622,8:00:38,68.948,-133.7551
897,1016,F,20040622,12:00:38,68.9477,-133.7555
898,1016,F,20040622,16:00:38,68.9475,-133.7547
899,1016,F,20040622,20:00:38,68.9499,-133.7483
900,1016,F,20040623,0:00:38,68.9499,-133.7483
901,1016,F,20040623,4:00:38,68.95,-133.7482
902,1016,F,20040623,8:00:38,68.9501,-133.7497
903,1016,F,20040623,12:00:37,68.9501,-133.75
904,1016,F,20040623,16:00:38,68.9515,-133.7457
905,1016,F,20040624,0:00:38,68.9477,-133.7449
906,1016,F,20040624,4:00:38,68.9476,-133.745
907,1016,F,20040624,8:00:38,68.9477,-133.7458
908,1016,F,20040624,12:00:38,68.9476,-133.7442
909,1016,F,20040624,16:00:37,68.9539,-133.7381
910,1016,F,20040624,20:00:38,68.9499,-133.748
911,1016,F,20040625,0:00:37,68.95,-133.7479
912,1016,F,20040625,4:00:38,68.9497,-133.7492
913,1016,F,20040625,8:00:38,68.9503,-133.7556
914,1016,F,20040625,12:00:37,68.9505,-133.7549
915,1016,F,20040625,16:00:38,68.9504,-133.7565
916,1016,F,20040625,20:02:08,68.948,-133.7553
917,1016,F,20040626,0:00:40,68.9483,-133.7559
918,1016,F,20040626,4:00:37,68.9481,-133.7551
919,1016,F,20040626,12:00:38,68.948,-133.7547
920,1016,F,20040626,16:00:38,68.9454,-133.7551
921,1016,F,20040626,20:00:37,68.9466,-133.7623
922,1016,F,20040627,0:00:55,68.9462,-133.7619
923,1016,F,20040627,4:00:38,68.9467,-133.762
924,1016,F,20040627,8:01:07,68.9467,-133.764
925,1016,F,20040627,12:00:38,68.9461,-133.7624
926,1016,F,20040627,16:00:38,68.9347,-133.7834
927,1016,F,20040627,20:00:37,68.9344,-133.7824
928,1016,F,20040628,0:00:38,68.927,-133.7824
929,1016,F,20040628,4:00:37,68.9265,-133.7808
930,1016,F,20040628,8:01:07,68.9269,-133.7863
931,1016,F,20040628,12:01:03,68.9269,-133.7866
932,1016,F,20040628,16:01:07,68.9266,-133.7878
933,1016,F,20040628,20:01:08,68.9192,-133.8148
934,1016,F,20040629,0:01:24,68.9162,-133.8514
935,1016,F,20040629,4:00:38,68.9162,-133.8501
936,1016,F,20040629,8:00:38,68.9155,-133.8577
937,1016,F,20040629,12:00:38,68.9155,-133.8578
938,1016,F,20040629,16:00:38,68.9147,-133.8577
939,1016,F,20040630,0:00:37,68.9136,-133.8639
940,1016,F,20040630,4:01:25,68.9101,-133.8715
941,1016,F,20040630,8:00:38,68.9095,-133.8722
942,1016,F,20040630,12:00:38,68.9095,-133.872
943,1016,F,20040630,16:00:38,68.9096,-133.874
944,1016,F,20040630,20:00:41,68.9097,-133.881
945,1016,F,20040701,0:00:37,68.9096,-133.8811
946,1016,F,20040701,4:00:38,68.9093,-133.883
947,1016,F,20040701,8:00:38,68.9089,-133.8924
948,1016,F,20040701,12:01:25,68.909,-133.8932
949,1016,F,20040701,16:01:06,68.9092,-133.8933
950,1016,F,20040701,20:01:56,68.9091,-133.893
951,1016,F,20040702,0:01:32,68.909,-133.8932
952,1016,F,20040702,4:02:03,68.9088,-133.8933
953,1016,F,20040702,8:01:07,68.91,-133.8936
954,1016,F,20040702,12:00:38,68.9103,-133.8942
955,1016,F,20040702,16:00:37,68.9101,-133.8946
956,1016,F,20040702,20:01:55,68.91,-133.8958
957,1016,F,20040703,4:00:38,68.9106,-133.8993
958,1016,F,20040703,8:00:55,68.9106,-133.9
959,1016,F,20040703,12:00:38,68.9117,-133.9046
960,1016,F,20040703,16:01:07,68.9112,-133.9065
961,1016,F,20040703,20:00:38,68.91,-133.8991
962,1016,F,20040704,0:00:55,68.9106,-133.9027
963,1016,F,20040704,4:00:38,68.9094,-133.9019
964,1016,F,20040704,8:00:38,68.9091,-133.9129
965,1016,F,20040704,12:00:38,68.9098,-133.9021
966,1016,F,20040704,16:01:25,68.9103,-133.9019
967,1016,F,20040704,20:01:52,68.9093,-133.9027
968,1016,F,20040705,4:00:38,68.9072,-133.8916
969,1016,F,20040705,8:00:37,68.9098,-133.8868
970,1016,F,20040705,12:00:38,68.9098,-133.8869
971,1016,F,20040705,16:00:38,68.9098,-133.8868
972,1016,F,20040705,20:01:13,68.9097,-133.8766
973,1016,F,20040706,0:00:37,68.9098,-133.8766
974,1016,F,20040706,4:00:38,68.8889,-133.8996
975,1016,F,20040706,8:00:38,68.8849,-133.9059
976,1016,F,20040706,12:00:38,68.9003,-133.8847
977,1016,F,20040706,16:01:06,68.9002,-133.8847
978,1016,F,20040706,20:00:37,68.8998,-133.8877
979,1016,F,20040707,0:02:32,68.8997,-133.8949
980,1016,F,20040707,4:00:38,68.8986,-133.9074
981,1016,F,20040707,8:01:27,68.8995,-133.9022
982,1016,F,20040707,12:01:25,68.8996,-133.9055
983,1016,F,20040707,16:00:38,68.9002,-133.9018
984,1016,F,20040707,20:00:38,68.9006,-133.9102
985,1016,F,20040708,0:00:37,68.9,-133.9075
986,1016,F,20040708,4:00:38,68.8986,-133.9138
987,1016,F,20040708,8:00:38,68.8984,-133.9217
988,1016,F,20040708,12:00:37,68.8987,-133.914
989,1016,F,20040708,16:00:38,68.8987,-133.9139
990,1016,F,20040709,0:00:38,68.9003,-133.9034
991,1016,F,20040709,4:00:38,68.8987,-133.9077
992,1016,F,20040709,8:00:57,68.8988,-133.9152
993,1016,F,20040709,16:01:25,68.9007,-133.9117
994,1016,F,20040709,20:02:00,68.9014,-133.9129
995,1016,F,20040710,0:03:07,68.9007,-133.9087
996,1016,F,20040710,4:00:38,68.9016,-133.9123
997,1016,F,20040710,8:01:06,68.9015,-133.9136
998,1016,F,20040710,12:00:38,68.902,-133.9127
999,1016,F,20040710,16:00:38,68.9003,-133.9149
1000,1016,F,20040710,20:01:07,68.9006,-133.9077
1001,1016,F,20040711,0:01:07,68.9007,-133.9093
1002,1016,F,20040711,4:00:38,68.9033,-133.9202
1003,1016,F,20040711,8:00:38,68.8964,-133.9272
1004,1016,F,20040711,12:00:38,68.8916,-133.9218
1005,1016,F,20040711,16:01:31,68.8881,-133.9252
1006,1016,F,20040711,20:00:37,68.8864,-133.92
1007,1016,F,20040712,0:00:38,68.8874,-133.9154
1008,1016,F,20040712,4:00:38,68.8895,-133.9278
1009,1016,F,20040712,8:00:37,68.8986,-133.9447
1010,1016,F,20040712,12:00:38,68.8888,-133.9494
1011,1016,F,20040712,16:00:37,68.8862,-133.9182
1012,1016,F,20040712,20:00:38,68.8862,-133.9182
1013,1016,F,20040713,0:00:38,68.8856,-133.9087
1014,1016,F,20040713,4:01:24,68.8794,-133.918
1015,1016,F,20040713,8:00:38,68.8721,-133.9334
1016,1016,F,20040713,12:00:38,68.8731,-133.928
1017,1016,F,20040713,16:01:07,68.8796,-133.9178
1018,1016,F,20040713,20:01:25,68.8789,-133.9197
1019,1016,F,20040714,0:01:07,68.8791,-133.9171
1020,1016,F,20040714,4:00:37,68.8821,-133.928
1021,1016,F,20040714,8:00:38,68.8737,-133.9561
1022,1016,F,20040714,12:01:07,68.8817,-133.9801
1023,1016,F,20040714,16:01:07,68.8831,-133.9824
1024,1016,F,20040714,20:00:37,68.883,-133.9823
1025,1016,F,20040715,0:00:38,68.8831,-133.9821
1026,1016,F,20040715,4:00:55,68.8826,-133.9812
1027,1016,F,20040715,8:00:38,68.8586,-133.9749
1028,1016,F,20040715,12:01:08,68.8631,-133.9481
1029,1016,F,20040715,16:01:06,68.8634,-133.9428
1030,1016,F,20040715,20:01:24,68.8639,-133.9428
1031,1016,F,20040716,0:00:37,68.8634,-133.9431
1032,1016,F,20040716,4:00:38,68.8638,-133.9426
1033,1016,F,20040716,8:00:38,68.8632,-133.9434
1034,1016,F,20040716,12:00:38,68.8788,-133.9371
1035,1016,F,20040716,16:00:38,68.8792,-133.9289
1036,1016,F,20040716,20:01:32,68.8787,-133.9291
1037,1016,F,20040717,4:00:38,68.881,-133.9242
1038,1016,F,20040717,8:00:38,68.8767,-133.9052
1039,1016,F,20040717,12:00:38,68.8791,-133.926
1040,1016,F,20040717,16:01:07,68.8785,-133.9287
1041,1016,F,20040717,20:00:38,68.8785,-133.9288
1042,1016,F,20040718,0:01:07,68.8784,-133.9286
1043,1016,F,20040718,4:01:06,68.8788,-133.9298
1044,1016,F,20040718,8:00:37,68.8835,-133.9704
1045,1016,F,20040718,12:01:06,68.8941,-134.0033
1046,1016,F,20040718,16:00:38,68.8956,-134.0034
1047,1016,F,20040718,20:01:03,68.895,-133.9977
1048,1016,F,20040719,0:00:38,68.895,-133.9976
1049,1016,F,20040719,4:00:37,68.8946,-133.996
1050,1016,F,20040719,8:01:07,68.8968,-134.0089
1051,1016,F,20040719,12:01:06,68.8967,-134.0065
1052,1016,F,20040719,16:01:07,68.8947,-134.0026
1053,1016,F,20040720,0:01:08,68.8949,-134.0023
1054,1016,F,20040720,4:00:38,68.8953,-133.997
1055,1016,F,20040720,8:01:07,68.8965,-134.0062
1056,1016,F,20040720,12:01:10,68.9014,-134.0109
1057,1016,F,20040720,16:00:38,68.9052,-134.0131
1058,1016,F,20040720,20:01:30,68.9057,-134.0145
1059,1016,F,20040721,0:01:00,68.9057,-134.0149
1060,1016,F,20040721,4:02:07,68.9063,-134.0194
1061,1016,F,20040721,8:01:56,68.9074,-134.021
1062,1016,F,20040721,12:00:38,68.9136,-134.0155
1063,1016,F,20040721,16:01:24,68.9063,-134.0198
1064,1016,F,20040721,20:00:38,68.905,-134.0162
1065,1016,F,20040722,0:00:38,68.905,-134.0162
1066,1016,F,20040722,4:00:38,68.9056,-134.0048
1067,1016,F,20040722,8:00:38,68.909,-134.0082
1068,1016,F,20040722,12:01:07,68.9062,-134.0053
1069,1016,F,20040722,16:01:11,68.9055,-134.0128
1070,1016,F,20040723,0:01:24,68.9057,-134.013
1071,1016,F,20040723,4:01:07,68.9079,-134.0117
1072,1016,F,20040723,8:00:37,68.9012,-134.0239
1073,1016,F,20040723,12:00:37,68.8947,-134.0422
1074,1016,F,20040723,16:01:06,68.8958,-134.0125
1075,1016,F,20040723,20:00:37,68.8957,-134.0131
1076,1016,F,20040724,0:01:07,68.8957,-134.013
1077,1016,F,20040724,4:01:06,68.8967,-134.0091
1078,1016,F,20040724,8:00:38,68.9018,-134.0072
1079,1016,F,20040724,12:00:37,68.9001,-134.0099
1080,1016,F,20040724,16:00:38,68.9009,-134.012
1081,1016,F,20040724,20:00:38,68.9019,-134.0114
1082,1016,F,20040725,0:00:56,68.9018,-134.0113
1083,1016,F,20040725,4:01:07,68.9019,-134.0111
1084,1016,F,20040725,8:00:37,68.9031,-134.0105
1085,1016,F,20040725,12:03:06,68.9058,-134.0141
1086,1016,F,20040725,16:01:23,68.9122,-134.0157
1087,1016,F,20040725,20:01:37,68.9345,-133.9829
1088,1016,F,20040726,0:01:06,68.9344,-133.9831
1089,1016,F,20040726,4:01:07,68.9366,-133.9856
1090,1016,F,20040726,8:00:38,68.9403,-133.9974
1091,1016,F,20040726,12:01:06,68.9429,-133.9856
1092,1016,F,20040726,16:01:08,68.9428,-133.9634
1093,1016,F,20040726,20:00:37,68.9397,-133.9475
1094,1016,F,20040727,4:01:06,68.9389,-133.9428
1095,1016,F,20040727,8:00:38,68.9423,-133.9373
1096,1016,F,20040727,12:00:39,68.9408,-133.9139
1097,1016,F,20040727,16:02:00,68.9535,-133.9052
1098,1016,F,20040727,20:00:38,68.9542,-133.9168
1099,1016,F,20040728,4:01:06,68.9538,-133.9178
1100,1016,F,20040728,8:01:01,68.96,-133.8834
1101,1016,F,20040728,12:00:38,68.9573,-133.893
1102,1016,F,20040728,16:00:38,68.9524,-133.9164
1103,1016,F,20040728,20:01:07,68.9539,-133.9166
1104,1016,F,20040729,4:01:06,68.9516,-133.9138
1105,1016,F,20040729,8:01:07,68.9472,-133.9022
1106,1016,F,20040729,12:00:37,68.9483,-133.8983
1107,1016,F,20040729,16:00:38,68.9511,-133.9141
1108,1016,F,20040729,20:00:38,68.9477,-133.8969
1109,1016,F,20040730,0:00:38,68.9477,-133.8969
1110,1016,F,20040730,4:00:38,68.9487,-133.8934
1111,1016,F,20040730,8:00:55,68.9443,-133.8989
1112,1016,F,20040730,12:02:32,68.9448,-133.8993
1113,1016,F,20040730,16:00:38,68.9406,-133.9136
1114,1016,F,20040730,20:01:07,68.9451,-133.8972
1115,1016,F,20040731,0:01:25,68.945,-133.8969
1116,1016,F,20040731,4:01:42,68.9447,-133.8994
1117,1016,F,20040731,8:01:04,68.9445,-133.8978
1118,1016,F,20040731,12:01:01,68.9451,-133.898
1119,1016,F,20040731,16:00:38,68.9418,-133.9352
1120,1016,F,20040731,20:01:36,68.9484,-133.9353
1121,1016,F,20040801,0:01:32,68.9482,-133.9354
1122,1016,F,20040801,4:00:55,68.947,-133.915
1123,1016,F,20040801,8:00:38,68.9367,-133.8834
1124,1016,F,20040801,12:00:38,68.9362,-133.8837
1125,1016,F,20040801,16:00:38,68.9382,-133.8799
1126,1016,F,20040801,20:01:07,68.9384,-133.8812
1127,1016,F,20040802,0:00:38,68.9384,-133.8811
1128,1016,F,20040802,4:00:38,68.9362,-133.8836
1129,1016,F,20040802,8:00:38,68.9384,-133.8812
1130,1016,F,20040802,12:00:38,68.9386,-133.8783
1131,1016,F,20040802,16:01:07,68.9393,-133.8808
1132,1016,F,20040802,20:01:29,68.9385,-133.876
1133,1016,F,20040803,0:00:55,68.9387,-133.8809
1134,1016,F,20040803,4:01:30,68.9393,-133.8764
1135,1016,F,20040803,8:00:52,68.9389,-133.8807
1136,1016,F,20040803,12:00:38,68.9385,-133.8834
1137,1016,F,20040803,16:01:38,68.9348,-133.8833
1138,1016,F,20040803,20:01:07,68.9388,-133.8809
1139,1016,F,20040804,0:01:37,68.9407,-133.8847
1140,1016,F,20040804,4:01:07,68.9428,-133.9063
1141,1016,F,20040804,8:00:37,68.9467,-133.9025
1142,1016,F,20040804,12:00:39,68.9468,-133.9026
1143,1016,F,20040804,16:00:55,68.9507,-133.8779
1144,1016,F,20040804,20:01:36,68.9744,-133.8116
1145,1016,F,20040805,0:00:38,68.9743,-133.812
1146,1016,F,20040805,4:02:24,68.9878,-133.7845
1147,1016,F,20040805,8:00:38,69.0047,-133.8058
1148,1016,F,20040805,12:01:01,69.0078,-133.8056
1149,1016,F,20040805,16:01:07,69.0142,-133.7708
1150,1016,F,20040805,20:00:38,69.0194,-133.7676
1151,1016,F,20040806,0:00:38,69.0252,-133.778
1152,1016,F,20040806,4:00:55,69.0171,-133.7683
1153,1016,F,20040806,8:00:38,69.0125,-133.7608
1154,1016,F,20040806,12:00:38,69.0089,-133.757
1155,1016,F,20040806,16:00:38,69.0048,-133.7438
1156,1016,F,20040806,20:00:56,68.9773,-133.7602
1157,1016,F,20040807,0:00:38,68.9765,-133.7646
1158,1016,F,20040807,4:01:06,68.9626,-133.7716
1159,1016,F,20040807,8:00:38,68.9379,-133.8003
1160,1016,F,20040807,12:01:31,68.938,-133.7998
1161,1016,F,20040807,16:00:39,68.915,-133.8531
1162,1016,F,20040807,20:00:38,68.915,-133.8574
1163,1016,F,20040808,4:00:37,68.9164,-133.8486
1164,1016,F,20040808,8:00:38,68.9176,-133.8705
1165,1016,F,20040808,12:00:38,68.9198,-133.8704
1166,1016,F,20040808,16:00:37,68.9045,-133.8422
1167,1016,F,20040808,20:01:26,68.9006,-133.8104
1168,1016,F,20040809,0:00:37,68.9005,-133.8103
1169,1016,F,20040809,4:00:56,68.9126,-133.8022
1170,1016,F,20040809,8:01:01,68.9164,-133.7885
1171,1016,F,20040809,12:00:55,68.9212,-133.7942
1172,1016,F,20040809,16:00:37,68.9223,-133.8361
1173,1016,F,20040810,0:01:07,68.9167,-133.8507
1174,1016,F,20040810,4:02:06,68.9142,-133.8589
1175,1016,F,20040810,8:00:38,68.9137,-133.8574
1176,1016,F,20040810,12:00:40,68.9074,-133.8648
1177,1016,F,20040810,16:01:07,68.9028,-133.8493
1178,1016,F,20040810,20:01:07,68.9101,-133.8375
1179,1016,F,20040811,0:02:01,68.91,-133.8368
1180,1016,F,20040811,4:01:07,68.9252,-133.8306
1181,1016,F,20040811,8:01:06,68.9642,-133.814
1182,1016,F,20040811,12:00:38,68.965,-133.8305
1183,1016,F,20040811,16:00:38,68.9638,-133.8854
1184,1016,F,20040811,20:00:37,68.9567,-133.9067
1185,1016,F,20040812,0:00:37,68.9527,-133.9177
1186,1016,F,20040812,4:00:54,68.9507,-133.925
1187,1016,F,20040812,8:00:38,68.947,-133.9399
1188,1016,F,20040812,12:01:01,68.9471,-133.9395
1189,1016,F,20040812,16:00:38,68.9406,-133.9272
1190,1016,F,20040812,20:00:38,68.9352,-133.9408
1191,1016,F,20040813,0:01:19,68.9377,-133.9447
1192,1016,F,20040813,4:03:01,68.9428,-133.9514
1193,1016,F,20040813,8:00:38,68.9413,-133.9571
1194,1016,F,20040813,12:00:55,68.942,-133.9568
1195,1016,F,20040813,16:03:01,68.9482,-133.9594
1196,1016,F,20040813,20:02:25,68.9483,-133.9599
1197,1016,F,20040814,0:00:38,68.9484,-133.9591
1198,1016,F,20040814,4:00:58,68.9631,-133.9598
1199,1016,F,20040814,8:00:38,68.9684,-133.9495
1200,1016,F,20040814,12:01:06,68.9675,-133.951
1201,1016,F,20040814,16:00:38,68.9619,-133.9609
1202,1016,F,20040814,20:00:38,68.9563,-133.9635
1203,1016,F,20040815,0:00:55,68.9557,-133.9643
1204,1016,F,20040815,4:00:55,68.9705,-133.9536
1205,1016,F,20040815,8:00:55,68.9797,-133.9499
1206,1016,F,20040815,12:01:07,68.9796,-133.9502
1207,1016,F,20040815,16:00:37,68.9725,-133.9671
1208,1016,F,20040815,20:00:38,68.9683,-133.9691
1209,1016,F,20040816,0:01:06,68.9616,-133.9665
1210,1016,F,20040816,4:00:45,68.9527,-133.9649
1211,1016,F,20040816,8:00:38,68.9433,-133.9614
1212,1016,F,20040816,12:01:06,68.9436,-133.9573
1213,1016,F,20040816,16:00:55,68.956,-133.8852
1214,1016,F,20040816,20:01:24,69.0014,-133.8092
1215,1016,F,20040817,0:00:38,69.0018,-133.8133
1216,1016,F,20040817,4:01:01,69.0057,-133.8114
1217,1016,F,20040817,8:00:38,69.0192,-133.8238
1218,1016,F,20040817,12:01:06,69.0192,-133.8239
1219,1016,F,20040817,16:00:38,69.0283,-133.8097
1220,1016,F,20040817,20:00:38,69.0449,-133.7531
1221,1016,F,20040818,0:00:37,69.0441,-133.7593
1222,1016,F,20040818,4:01:31,69.0493,-133.7592
1223,1016,F,20040818,8:00:38,69.0532,-133.7836
1224,1016,F,20040818,12:01:07,69.053,-133.7842
1225,1016,F,20040818,16:00:38,69.0614,-133.8255
1226,1016,F,20040818,20:00:37,69.0743,-133.8572
1227,1016,F,20040819,0:00:38,69.0714,-133.8765
1228,1016,F,20040819,4:00:55,69.0753,-133.8784
1229,1016,F,20040819,8:01:01,69.0824,-133.9114
1230,1016,F,20040819,12:01:06,69.0824,-133.9114
1231,1016,F,20040819,20:00:38,69.1564,-133.9615
1232,1016,F,20040820,0:00:38,69.1577,-133.9746
1233,1016,F,20040820,4:00:37,69.1657,-133.9891
1234,1016,F,20040820,8:00:38,69.2028,-133.9464
1235,1016,F,20040820,12:00:38,69.2029,-133.9466
1236,1016,F,20040820,16:01:01,69.2092,-133.9751
1237,1016,F,20040820,20:00:55,69.2525,-134.019
1238,1016,F,20040821,0:00:38,69.2308,-134.0374
1239,1016,F,20040821,4:01:07,69.2097,-134.0364
1240,1016,F,20040821,8:00:37,69.2066,-134.0332
1241,1016,F,20040821,12:00:38,69.2066,-134.0332
1242,1016,F,20040821,16:00:37,69.1996,-134.0672
1243,1016,F,20040821,20:00:38,69.1817,-134.1152
1244,1016,F,20040822,0:00:56,69.1904,-134.196
1245,1016,F,20040822,4:00:38,69.1598,-134.1349
1246,1016,F,20040822,8:00:38,69.1367,-134.0931
1247,1016,F,20040822,12:00:37,69.1367,-134.0933
1248,1016,F,20040822,16:01:06,69.1239,-133.9821
1249,1016,F,20040822,20:01:32,69.1045,-133.8128
1250,1016,F,20040823,0:00:55,69.1052,-133.7868
1251,1016,F,20040823,4:00:41,69.0969,-133.7418
1252,1016,F,20040823,8:00:38,69.0993,-133.6774
1253,1016,F,20040823,12:00:38,69.0993,-133.6774
1254,1016,F,20040823,16:01:37,69.0749,-133.6406
1255,1016,F,20040823,20:00:38,69.0635,-133.5791
1256,1016,F,20040824,0:00:37,69.0481,-133.565
1257,1016,F,20040824,4:00:38,69.043,-133.573
1258,1016,F,20040824,8:00:55,69.0369,-133.5839
1259,1016,F,20040824,12:00:37,69.0369,-133.5839
1260,1016,F,20040824,16:02:06,69.0324,-133.5643
1261,1016,F,20040824,20:01:07,69.0241,-133.542
1262,1016,F,20040825,0:00:37,69.0221,-133.5379
1263,1016,F,20040825,4:00:37,69.0211,-133.5041
1264,1016,F,20040825,8:01:07,69.0171,-133.5057
1265,1016,F,20040825,12:00:38,69.0171,-133.5056
1266,1016,F,20040825,16:00:38,69.016,-133.4739
1267,1016,F,20040825,20:00:38,69.0124,-133.4778
1268,1016,F,20040826,0:01:01,69.0264,-133.4643
1269,1016,F,20040826,4:00:37,69.0311,-133.476
1270,1016,F,20040826,8:01:06,69.0302,-133.494
1271,1016,F,20040826,12:00:39,69.0302,-133.494
1272,1016,F,20040826,16:01:25,69.0336,-133.5079
1273,1016,F,20040826,20:01:37,69.0126,-133.5387
1274,1016,F,20040827,0:01:01,68.9945,-133.5388
1275,1016,F,20040827,4:00:38,68.9993,-133.6533
1276,1016,F,20040827,8:00:38,68.9796,-133.7398
1277,1016,F,20040827,12:01:06,68.9796,-133.7397
1278,1016,F,20040827,16:00:38,68.9677,-133.7707
1279,1016,F,20040827,20:00:55,68.9043,-133.8682
1280,1016,F,20040828,0:00:38,68.8987,-133.8395
1281,1016,F,20040828,4:00:38,68.8935,-133.8598
1282,1016,F,20040828,8:00:38,68.8922,-133.8791
1283,1016,F,20040828,12:01:36,68.891,-133.8717
1284,1016,F,20040828,16:01:32,68.8952,-133.8872
1285,1016,F,20040828,20:00:38,68.9063,-133.9017
1286,1016,F,20040829,0:00:56,68.919,-133.892
1287,1016,F,20040829,4:00:38,68.9353,-133.8758
1288,1016,F,20040829,8:01:07,68.9387,-133.7883
1289,1016,F,20040829,12:00:37,68.9387,-133.7881
1290,1016,F,20040829,16:01:35,68.9871,-133.8032
1291,1016,F,20040829,20:01:24,69.0157,-133.8376
1292,1016,F,20040830,0:01:06,69.0234,-133.8666
1293,1016,F,20040830,4:00:44,69.0298,-134.0051
1294,1016,F,20040830,8:00:38,69.0236,-134.0035
1295,1016,F,20040830,12:00:38,69.0237,-134.0035
1296,1016,F,20040830,16:01:36,69.0449,-134.034
1297,1016,F,20040830,20:01:07,69.1027,-134.0592
1298,1016,F,20040831,0:00:38,69.1308,-133.9114
1299,1016,F,20040831,4:00:37,69.1447,-133.9085
1300,1016,F,20040831,8:00:38,69.1456,-133.9101
1301,1016,F,20040831,12:00:38,69.1456,-133.91
1302,1016,F,20040831,16:00:38,69.16,-133.9583
1303,1016,F,20040831,20:00:37,69.1758,-134.1238
1304,1016,F,20040901,0:01:07,69.1719,-134.1347
1305,1016,F,20040901,4:02:36,69.1725,-134.1348
1306,1016,F,20040901,12:01:07,69.172,-134.1346
1307,1016,F,20040901,16:01:02,69.172,-134.1346
1308,1016,F,20040901,20:00:38,69.1714,-134.1329
1309,1016,F,20040902,0:00:38,69.1718,-134.1345
1310,1016,F,20040902,4:00:38,69.1719,-134.1347
1311,1016,F,20040902,8:00:38,69.1719,-134.1346
1312,1016,F,20040902,12:00:38,69.1719,-134.1346
1313,1016,F,20040902,16:01:06,69.1719,-134.1345
1314,1016,F,20040902,20:01:38,69.1719,-134.1347
1315,1016,F,20040903,0:00:37,69.1719,-134.1344
1316,1016,F,20040903,4:00:38,69.1719,-134.1347
1317,1016,F,20040903,12:01:07,69.172,-134.1347
1318,1016,F,20040903,16:01:08,69.1764,-134.1316
1319,1016,F,20040903,20:00:55,69.172,-134.1346
1320,1016,F,20040904,0:01:07,69.1724,-134.135
1321,1016,F,20040904,4:00:38,69.1719,-134.1346
1322,1016,F,20040904,8:01:24,69.1718,-134.1338
1323,1016,F,20040904,12:01:24,69.172,-134.1345
1324,1016,F,20040904,16:00:38,69.1719,-134.1346
1325,1016,F,20040904,20:01:07,69.1719,-134.1346
1326,1016,F,20040905,0:00:56,69.1712,-134.1282
1327,1016,F,20040905,4:00:38,69.1719,-134.1347
1328,1016,F,20040905,8:00:55,69.172,-134.1346
1329,1016,F,20040905,12:01:24,69.172,-134.1347
1330,1016,F,20040905,16:00:38,69.1719,-134.1348
1331,1016,F,20040905,20:00:38,69.1715,-134.1375
1332,1016,F,20040906,0:00:38,69.1703,-134.1251
1333,1016,F,20040906,4:00:55,69.1719,-134.1346
1334,1016,F,20040906,8:01:07,69.1719,-134.1354
1335,1016,F,20040906,12:01:07,69.1719,-134.1354
1336,1016,F,20040906,16:02:07,69.1719,-134.1346
1337,1016,F,20040906,20:01:07,69.1719,-134.1345
1338,1016,F,20040907,0:00:37,69.1739,-134.135
1339,1016,F,20040907,4:00:38,69.1719,-134.1346
1340,1016,F,20040907,8:00:37,69.1719,-134.1339
1341,1016,F,20040907,12:00:38,69.1719,-134.1339
1342,1016,F,20040907,16:01:07,69.1719,-134.1347
1343,1016,F,20040907,20:01:35,69.1719,-134.1348
1344,1016,F,20040908,0:00:38,69.1719,-134.1347
1345,1016,F,20040908,4:00:37,69.1719,-134.1347
1346,1016,F,20040908,8:00:38,69.1719,-134.1354
1347,1016,F,20040908,12:00:38,69.1719,-134.1347
1348,1016,F,20040908,16:00:39,69.172,-134.1347
1349,1016,F,20040908,20:02:01,69.1719,-134.1348
1350,1016,F,20040909,0:02:32,69.1724,-134.1351
1351,1016,F,20040909,4:01:36,69.171,-134.1375
1352,1016,F,20040909,8:02:29,69.1719,-134.1366
1353,1016,F,20040909,12:00:38,69.1718,-134.1362
1354,1016,F,20040909,16:01:07,69.1936,-134.0921
1355,1016,F,20040909,20:01:46,69.1917,-134.0592
1356,1016,F,20040910,0:00:38,69.1918,-134.0594
1357,1016,F,20040910,4:01:07,69.1824,-134.0816
1358,1016,F,20040910,8:00:38,69.1708,-134.0518
1359,1016,F,20040910,12:00:38,69.1708,-134.0518
1360,1016,F,20040910,16:00:38,69.1643,-133.9962
1361,1016,F,20040910,20:01:07,69.1548,-133.9957
1362,1016,F,20040911,4:00:40,69.1342,-133.9849
1363,1016,F,20040911,8:02:33,69.1335,-133.9832
1364,1016,F,20040911,12:00:37,69.1337,-133.9833
1365,1016,F,20040911,16:01:06,69.1344,-133.9814
1366,1016,F,20040911,20:01:07,69.1349,-134.0101
1367,1016,F,20040912,0:00:55,69.128,-134.0007
1368,1016,F,20040912,4:00:38,69.1256,-134.0196
1369,1016,F,20040912,8:00:38,69.1267,-134.0223
1370,1016,F,20040912,12:01:07,69.1266,-134.0223
1371,1016,F,20040912,16:00:38,69.1226,-134.0172
1372,1016,F,20040912,20:00:38,69.1026,-133.9161
1373,1016,F,20040913,0:00:38,69.0943,-133.9258
1374,1016,F,20040913,4:00:39,69.0764,-133.9043
1375,1016,F,20040913,12:01:06,69.0431,-133.9509
1376,1016,F,20040913,16:01:06,69.044,-133.9547
1377,1016,F,20040913,20:00:38,69.0412,-133.9456
1378,1016,F,20040914,0:00:55,69.0401,-133.9137
1379,1016,F,20040914,4:01:07,69.0258,-133.9228
1380,1016,F,20040914,8:01:25,69.025,-133.9257
1381,1016,F,20040914,12:00:38,69.0252,-133.9252
1382,1016,F,20040914,16:01:01,69.0218,-133.8848
1383,1016,F,20040914,20:00:38,69.0232,-133.8397
1384,1016,F,20040915,0:01:06,69.0219,-133.8329
1385,1016,F,20040915,4:00:39,69.0464,-133.8058
1386,1016,F,20040915,8:01:07,69.0464,-133.8059
1387,1016,F,20040915,12:00:41,69.0464,-133.8061
1388,1016,F,20040915,16:01:37,69.0558,-133.7706
1389,1016,F,20040915,20:00:38,69.0715,-133.6922
1390,1016,F,20040916,0:00:38,69.0715,-133.692
1391,1016,F,20040916,4:00:38,69.0712,-133.6924
1392,1016,F,20040916,8:00:38,69.0699,-133.6894
1393,1016,F,20040916,12:00:37,69.0699,-133.6897
1394,1016,F,20040916,16:00:37,69.0867,-133.6904
1395,1016,F,20040916,20:00:55,69.1101,-133.6626
1396,1016,F,20040917,0:01:06,69.131,-133.7021
1397,1016,F,20040917,4:01:07,69.1552,-133.7336
1398,1016,F,20040917,8:01:43,69.155,-133.733
1399,1016,F,20040917,12:00:38,69.1549,-133.733
1400,1016,F,20040917,16:01:06,69.1646,-133.7836
1401,1016,F,20040917,20:00:38,69.1451,-133.8682
1402,1016,F,20040918,0:00:38,69.1467,-133.9369
1403,1016,F,20040918,4:00:38,69.1449,-134.0011
1404,1016,F,20040918,12:00:38,69.1479,-134.0116
1405,1016,F,20040918,16:00:38,69.1549,-133.9958
1406,1016,F,20040918,20:01:01,69.1548,-133.9956
1407,1016,F,20040919,0:01:07,69.1589,-133.9958
1408,1016,F,20040919,4:00:37,69.1549,-134.0043
1409,1016,F,20040919,8:02:24,69.1536,-134.0164
1410,1016,F,20040919,12:01:07,69.1537,-134.0168
1411,1016,F,20040919,16:00:38,69.1654,-134.1129
1412,1016,F,20040919,20:01:08,69.1993,-134.074
1413,1016,F,20040920,0:00:38,69.1984,-134.0291
1414,1016,F,20040920,4:00:40,69.1591,-133.9949
1415,1016,F,20040920,8:01:37,69.1557,-133.9929
1416,1016,F,20040920,16:00:38,69.1549,-133.9957
1417,1016,F,20040920,20:00:38,69.1563,-133.9932
1418,1016,F,20040921,0:00:37,69.1565,-133.9915
1419,1016,F,20040921,4:00:38,69.1549,-133.9962
1420,1016,F,20040921,8:02:06,69.1557,-133.9928
1421,1016,F,20040921,12:00:38,69.1556,-133.9927
1422,1016,F,20040921,16:00:42,69.1559,-133.9737
1423,1016,F,20040921,20:00:42,69.157,-133.9694
1424,1016,F,20040922,0:01:06,69.1813,-133.8743
1425,1016,F,20040922,4:00:38,69.194,-133.8303
1426,1016,F,20040922,8:01:06,69.194,-133.8302
1427,1016,F,20040922,12:00:38,69.1941,-133.8304
1428,1016,F,20040922,16:00:40,69.188,-133.8083
1429,1016,F,20040922,20:00:38,69.1781,-133.7959
1430,1016,F,20040923,0:00:38,69.1817,-133.7698
1431,1016,F,20040923,4:00:38,69.1827,-133.7713
1432,1016,F,20040923,12:00:38,69.1804,-133.7848
1433,1016,F,20040923,16:01:08,69.1822,-133.7679
1434,1016,F,20040923,20:00:37,69.1827,-133.7654
1435,1016,F,20040924,0:00:37,69.1818,-133.7692
1436,1016,F,20040924,4:00:41,69.1802,-133.785
1437,1016,F,20040924,8:00:38,69.1802,-133.7849
1438,1016,F,20040924,12:00:38,69.1802,-133.7849
1439,1016,F,20040924,16:01:06,69.1791,-133.7724
1440,1016,F,20040924,20:00:37,69.1818,-133.7695
1441,1016,F,20040925,0:00:38,69.1818,-133.7697
1442,1016,F,20040925,4:01:02,69.1817,-133.7689
1443,1016,F,20040925,8:00:38,69.18,-133.7884
1444,1016,F,20040925,12:00:38,69.18,-133.7883
1445,1016,F,20040925,16:01:07,69.179,-133.7731
1446,1016,F,20040925,20:00:38,69.1818,-133.7695
1447,1016,F,20040926,0:00:55,69.184,-133.768
1448,1016,F,20040926,4:01:07,69.1799,-133.7886
1449,1016,F,20040926,12:00:38,69.1799,-133.7883
1450,1016,F,20040926,16:00:37,69.1792,-133.7722
1451,1016,F,20040926,20:00:38,69.1818,-133.7695
1452,1016,F,20040927,0:00:38,69.1803,-133.7802
1453,1016,F,20040927,4:02:24,69.1799,-133.789
1454,1016,F,20040927,8:01:07,69.1799,-133.7889
1455,1016,F,20040927,12:00:38,69.1799,-133.7889
1456,1016,F,20040927,16:00:56,69.1817,-133.7696
1457,1016,F,20040927,20:00:39,69.1821,-133.7678
1458,1016,F,20040928,0:00:37,69.1868,-133.7614
1459,1016,F,20040928,4:00:56,69.1791,-133.7805
1460,1016,F,20040928,8:00:38,69.1801,-133.7882
1461,1016,F,20040928,12:01:03,69.18,-133.7882
1462,1016,F,20040928,16:01:08,69.1799,-133.7883
1463,1016,F,20040928,20:00:42,69.1741,-133.759
1464,1016,F,20040929,0:00:37,69.1813,-133.7417
1465,1016,F,20040929,4:01:06,69.1848,-133.73
1466,1016,F,20040929,8:00:38,69.1849,-133.7299
1467,1016,F,20040929,12:00:38,69.1848,-133.7299
1468,1016,F,20040929,16:02:07,69.185,-133.7301
1469,1016,F,20040929,20:00:38,69.1963,-133.6429
1470,1016,F,20040930,0:00:38,69.1791,-133.7721
1471,1016,F,20040930,4:01:07,69.1844,-133.7631
1472,1016,F,20040930,8:00:37,69.1873,-133.7593
1473,1016,F,20040930,12:00:38,69.1873,-133.7593
1474,1016,F,20040930,16:00:38,69.1818,-133.7696
1475,1016,F,20040930,20:01:07,69.1818,-133.7693
1476,1016,F,20041001,0:01:06,69.1957,-133.7846
1477,1016,F,20041001,4:01:12,69.1829,-133.7769
1478,1016,F,20041001,8:00:38,69.183,-133.777
1479,1016,F,20041001,12:00:38,69.1829,-133.777
1480,1016,F,20041001,20:01:24,69.182,-133.7682
1481,1016,F,20041002,0:00:38,69.1792,-133.7708
1482,1016,F,20041002,4:01:07,69.1833,-133.7635
1483,1016,F,20041002,8:00:38,69.1833,-133.7635
1484,1016,F,20041002,12:00:37,69.1833,-133.7637
1485,1016,F,20041002,16:01:06,69.1825,-133.765
1486,1016,F,20041002,20:00:37,69.1824,-133.7651
1487,1016,F,20041003,0:00:56,69.1775,-133.768
1488,1016,F,20041003,4:01:07,69.1774,-133.7677
1489,1016,F,20041003,8:01:07,69.1774,-133.7678
1490,1016,F,20041003,12:00:37,69.1774,-133.7678
1491,1016,F,20041003,16:00:38,69.1774,-133.7677
1492,1016,F,20041003,20:00:37,69.1698,-133.7681
1493,1016,F,20041004,0:01:07,69.0904,-133.7219
1494,1016,F,20041004,4:01:06,69.0717,-133.6904
1495,1016,F,20041004,8:01:43,69.0716,-133.6907
1496,1016,F,20041004,12:00:39,69.0716,-133.6908
1497,1016,F,20041004,16:00:38,69.0715,-133.6919
1498,1016,F,20041004,20:00:38,69.0715,-133.6908
1499,1016,F,20041005,0:03:00,69.0714,-133.6918
1500,1016,F,20041005,4:01:06,69.0716,-133.6908
1501,1016,F,20041005,8:00:38,69.0716,-133.6909
1502,1016,F,20041005,12:00:38,69.0712,-133.6919
1503,1016,F,20041005,16:00:38,69.0714,-133.692
1504,1016,F,20041005,20:01:06,69.0714,-133.6919
1505,1016,F,20041006,0:01:54,69.0713,-133.6929
1506,1016,F,20041006,4:00:38,69.0729,-133.722
1507,1016,F,20041006,8:00:38,69.0729,-133.7223
1508,1016,F,20041006,12:00:38,69.0729,-133.7223
1509,1016,F,20041006,16:00:38,69.0675,-133.6912
1510,1016,F,20041006,20:00:40,69.0707,-133.6911
1511,1016,F,20041007,0:01:06,69.07,-133.692
1512,1016,F,20041007,4:00:37,69.0551,-133.7353
1513,1016,F,20041007,8:00:38,69.0551,-133.7357
1514,1016,F,20041007,12:00:38,69.0551,-133.7354
1515,1016,F,20041007,16:00:37,69.0551,-133.7354
1516,1016,F,20041007,20:00:37,69.072,-133.864
1517,1016,F,20041008,0:01:06,69.1191,-133.9504
1518,1016,F,20041008,4:01:07,69.144,-133.9914
1519,1016,F,20041008,8:00:38,69.1435,-133.9901
1520,1016,F,20041008,12:00:38,69.1436,-133.9901
1521,1016,F,20041008,16:00:38,69.144,-133.9914
1522,1016,F,20041008,20:00:40,69.144,-133.9914
1523,1016,F,20041009,0:01:07,69.144,-133.9913
1524,1016,F,20041009,4:01:08,69.144,-133.9915
1525,1016,F,20041009,8:01:07,69.144,-133.9915
1526,1016,F,20041009,12:00:38,69.144,-133.9916
1527,1016,F,20041009,16:01:07,69.144,-133.9916
1528,1016,F,20041009,20:01:37,69.1547,-133.9954
1529,1016,F,20041010,0:00:56,69.1441,-133.9916
1530,1016,F,20041010,4:00:38,69.1441,-133.9914
1531,1016,F,20041010,8:00:38,69.1403,-133.9901
1532,1016,F,20041010,12:00:38,69.144,-133.9916
1533,1016,F,20041010,16:00:38,69.144,-133.9914
1534,1016,F,20041010,20:00:38,69.1387,-133.9975
1535,1016,F,20041011,0:01:31,69.0719,-133.8776
1536,1016,F,20041011,4:00:38,69.0332,-133.7876
1537,1016,F,20041011,16:01:07,69.028,-133.7886
1538,1016,F,20041015,0:00:38,69.0282,-133.7878
1539,1016,F,20041015,20:00:38,69.0286,-133.7877
1540,1016,F,20041016,20:00:38,69.0282,-133.7884
1541,1016,F,20041017,20:00:38,69.0277,-133.788
1542,1016,F,20041018,20:00:38,69.0281,-133.7884
1543,1016,F,20041020,20:00:38,69.0286,-133.7882
1544,1016,F,20041105,4:00:58,69.0279,-133.7886
1545,1016,F,20041121,0:02:44,69.0283,-133.789
1546,1016,F,20050407,0:00:00,69.0281,-133.7892
1547,1016,F,20050413,12:01:31,69.0284,-133.7889
1548,1016,F,20050513,20:01:54,69.0278,-133.7898
1549,1016,F,20050514,0:00:32,69.0283,-133.79
1550,1016,F,20050514,4:00:38,69.0281,-133.7912
1551,1016,F,20050514,8:00:38,69.028,-133.7912
1552,1016,F,20050514,12:00:38,69.0281,-133.7912
1553,1016,F,20050514,16:00:37,69.0273,-133.7904
1554,1016,F,20050514,20:00:37,69.0282,-133.7908
1555,1016,F,20050515,0:00:55,69.028,-133.7895
1556,1016,F,20050515,4:01:06,69.0281,-133.7909
1557,1016,F,20050515,8:00:38,69.0278,-133.7922
1558,1016,F,20050515,12:00:37,69.0279,-133.7884
1559,1016,F,20050515,16:00:37,69.0324,-133.7832
1560,1016,F,20050515,20:00:37,69.0324,-133.7832
1561,1016,F,20050516,0:00:38,69.0324,-133.7824
1562,1016,F,20050516,4:00:38,69.0321,-133.7833
1563,1016,F,20050516,8:00:38,69.0321,-133.7834
1564,1016,F,20050516,12:01:06,69.0322,-133.7834
1565,1016,F,20050516,16:00:38,69.0311,-133.7787
1566,1016,F,20050516,20:00:58,69.0248,-133.7785
1567,1016,F,20050517,0:00:55,69.0249,-133.7787
1568,1016,F,20050517,4:00:38,69.0249,-133.7786
1569,1016,F,20050517,8:00:38,69.0249,-133.7787
1570,1016,F,20050517,12:00:37,69.0249,-133.7788
1571,1016,F,20050517,16:00:38,69.0248,-133.7783
1572,1016,F,20050517,20:00:38,69.0253,-133.7789
1573,1016,F,20050518,0:00:37,69.0249,-133.7786
1574,1016,F,20050518,4:00:37,69.0246,-133.7796
1575,1016,F,20050518,8:01:06,69.0238,-133.7833
1576,1016,F,20050518,12:00:38,69.0248,-133.7797
1577,1016,F,20050518,16:00:38,69.0241,-133.7834
1578,1016,F,20050518,20:00:38,69.0219,-133.7883
1579,1016,F,20050519,0:00:38,69.0218,-133.7932
1580,1016,F,20050519,4:00:38,69.0222,-133.7962
1581,1016,F,20050519,8:00:37,69.021,-133.7932
1582,1016,F,20050519,12:00:38,69.0209,-133.7932
1583,1016,F,20050519,16:00:38,69.0213,-133.7967
1584,1016,F,20050519,20:00:38,69.021,-133.7932
1585,1016,F,20050520,0:00:38,69.0203,-133.7934
1586,1016,F,20050520,4:00:38,69.0209,-133.7933
1587,1016,F,20050520,8:00:38,69.0209,-133.7933
1588,1016,F,20050520,12:00:37,69.0209,-133.7931
1589,1016,F,20050520,16:00:38,69.0204,-133.8019
1590,1016,F,20050520,20:00:38,69.0187,-133.7996
1591,1016,F,20050521,0:00:38,69.0219,-133.8016
1592,1016,F,20050521,4:01:26,69.0395,-133.8404
1593,1016,F,20050521,8:01:08,69.0395,-133.8405
1594,1016,F,20050521,12:00:38,69.0396,-133.8405
1595,1016,F,20050521,16:01:06,69.0334,-133.8617
1596,1016,F,20050521,20:00:38,69.038,-133.8654
1597,1016,F,20050522,0:00:56,69.0384,-133.8802
1598,1016,F,20050522,4:00:38,69.0384,-133.8803
1599,1016,F,20050522,8:00:38,69.0384,-133.8803
1600,1016,F,20050522,12:00:38,69.0384,-133.8804
1601,1016,F,20050522,16:00:38,69.0412,-133.8882
1602,1016,F,20050522,20:00:38,69.0379,-133.8899
1603,1016,F,20050523,0:00:55,69.0376,-133.8916
1604,1016,F,20050523,4:00:38,69.0344,-133.8956
1605,1016,F,20050523,8:00:39,69.0362,-133.9007
1606,1016,F,20050523,12:00:37,69.0362,-133.9007
1607,1016,F,20050523,16:01:01,69.0335,-133.8987
1608,1016,F,20050523,20:00:37,69.0374,-133.9206
1609,1016,F,20050524,0:00:38,69.0687,-133.9633
1610,1016,F,20050524,4:01:07,69.064,-133.9885
1611,1016,F,20050524,8:01:01,69.0639,-133.9886
1612,1016,F,20050524,12:00:37,69.064,-133.9889
1613,1016,F,20050524,16:00:37,69.0648,-133.9827
1614,1016,F,20050524,20:00:38,69.0673,-133.9882
1615,1016,F,20050525,0:00:37,69.0664,-133.9842
1616,1016,F,20050525,4:00:38,69.0672,-133.9673
1617,1016,F,20050525,8:00:38,69.0656,-133.9775
1618,1016,F,20050525,12:00:38,69.0655,-133.9775
1619,1016,F,20050525,16:00:39,69.0681,-133.9726
1620,1016,F,20050525,20:01:31,69.0694,-133.9679
1621,1016,F,20050526,0:01:06,69.0695,-133.9758
1622,1016,F,20050526,4:00:39,69.0616,-133.9978
1623,1016,F,20050526,8:00:37,69.0634,-133.9847
1624,1016,F,20050526,12:00:38,69.0635,-133.9847
1625,1016,F,20050526,16:00:37,69.0561,-133.9675
1626,1016,F,20050526,20:00:38,69.058,-133.9755
1627,1016,F,20050527,0:00:38,69.0612,-133.9616
1628,1016,F,20050527,4:00:38,69.0616,-133.9512
1629,1016,F,20050527,8:00:38,69.0565,-133.9778
1630,1016,F,20050527,12:01:07,69.0565,-133.978
1631,1016,F,20050527,16:00:38,69.0567,-133.9816
1632,1016,F,20050527,20:00:38,69.0544,-133.9856
1633,1016,F,20050528,0:00:38,69.0542,-133.9861
1634,1016,F,20050528,4:01:06,69.0711,-133.996
1635,1016,F,20050528,8:00:38,69.0811,-134.0178
1636,1016,F,20050528,12:01:07,69.0811,-134.0178
1637,1016,F,20050528,16:00:37,69.0802,-134.0069
1638,1016,F,20050528,20:00:38,69.0875,-134.0252
1639,1016,F,20050529,0:00:56,69.0921,-134.0223
1640,1016,F,20050529,4:00:38,69.091,-134.0323
1641,1016,F,20050529,8:00:38,69.091,-134.0324
1642,1016,F,20050529,12:00:38,69.091,-134.0325
1643,1016,F,20050529,16:00:37,69.0904,-134.0293
1644,1016,F,20050529,20:00:38,69.1172,-133.9632
1645,1016,F,20050530,0:00:38,69.1198,-133.9831
1646,1016,F,20050530,4:01:07,69.0682,-133.9384
1647,1016,F,20050530,8:00:38,69.0356,-133.8173
1648,1016,F,20050530,12:02:13,69.0357,-133.8172
1649,1016,F,20050530,16:00:38,69.0357,-133.8172
1650,1016,F,20050530,20:00:38,69.0364,-133.8189
1651,1016,F,20050531,0:00:37,69.0401,-133.8238
1652,1016,F,20050531,4:00:38,69.0453,-133.8488
1653,1016,F,20050531,8:00:38,69.0398,-133.8413
1654,1016,F,20050531,12:00:38,69.0398,-133.8409
1655,1016,F,20050531,16:00:39,69.0432,-133.8366
1656,1016,F,20050531,20:00:38,69.0469,-133.8271
1657,1016,F,20050601,0:00:38,69.049,-133.8325
1658,1016,F,20050601,4:00:41,69.0481,-133.8388
1659,1016,F,20050601,8:00:38,69.0491,-133.8329
1660,1016,F,20050601,12:01:07,69.0491,-133.8329
1661,1016,F,20050601,16:00:38,69.0532,-133.8299
1662,1016,F,20050601,20:00:38,69.0519,-133.8451
1663,1016,F,20050602,0:00:37,69.078,-133.8563
1664,1016,F,20050602,4:00:37,69.0937,-133.8182
1665,1016,F,20050602,8:00:38,69.0931,-133.8176
1666,1016,F,20050602,12:00:38,69.0931,-133.8176
1667,1016,F,20050602,16:00:38,69.1032,-133.8157
1668,1016,F,20050602,20:00:39,69.1082,-133.8269
1669,1016,F,20050603,0:00:40,69.105,-133.8128
1670,1016,F,20050603,4:01:02,69.1071,-133.8145
1671,1016,F,20050603,8:01:07,69.107,-133.8144
1672,1016,F,20050603,12:01:07,69.1071,-133.8144
1673,1016,F,20050603,16:00:38,69.1071,-133.8134
1674,1016,F,20050603,20:00:41,69.1094,-133.7977
1675,1016,F,20050604,0:00:38,69.1107,-133.8019
1676,1016,F,20050604,4:01:06,69.1098,-133.8006
1677,1016,F,20050604,8:00:38,69.1098,-133.8004
1678,1016,F,20050604,12:00:37,69.1099,-133.8004
1679,1016,F,20050604,16:00:38,69.1093,-133.7994
1680,1016,F,20050604,20:00:37,69.1091,-133.807
1681,1016,F,20050605,0:00:55,69.1234,-133.838
1682,1016,F,20050605,4:01:18,69.1208,-133.8209
1683,1016,F,20050605,8:03:01,69.1181,-133.8187
1684,1016,F,20050605,12:00:38,69.1181,-133.8188
1685,1016,F,20050605,16:00:38,69.1207,-133.8209
1686,1016,F,20050605,20:00:38,69.1408,-133.8341
1687,1016,F,20050606,0:00:50,69.1538,-133.8904
1688,1016,F,20050606,4:00:38,69.1604,-133.9054
1689,1016,F,20050606,12:01:07,69.1581,-133.9072
1690,1016,F,20050606,16:00:38,69.1546,-133.8988
1691,1016,F,20050606,20:01:08,69.1516,-133.9059
1692,1016,F,20050607,0:01:02,69.1553,-133.9
1693,1016,F,20050607,4:00:56,69.158,-133.9055
1694,1016,F,20050607,8:02:06,69.158,-133.9064
1695,1016,F,20050607,12:01:07,69.158,-133.9071
1696,1016,F,20050607,20:01:31,69.146,-133.95
1697,1016,F,20050608,0:01:25,69.1416,-133.9936
1698,1016,F,20050608,4:00:38,69.1319,-134.0008
1699,1016,F,20050608,8:00:38,69.1386,-134.0044
1700,1016,F,20050608,12:00:38,69.1387,-134.0044
1701,1016,F,20050608,16:00:38,69.1616,-133.9849
1702,1016,F,20050608,20:01:07,69.1644,-133.9962
1703,1016,F,20050609,0:00:38,69.2029,-133.9652
1704,1016,F,20050609,4:00:38,69.207,-133.9718
1705,1016,F,20050609,8:00:38,69.2069,-133.9511
1706,1016,F,20050609,12:01:06,69.2069,-133.9511
1707,1016,F,20050609,16:00:38,69.1898,-133.9057
1708,1016,F,20050609,20:00:38,69.2179,-133.7962
1709,1016,F,20050610,0:00:37,69.2057,-133.7998
1710,1016,F,20050610,4:00:38,69.1928,-133.8266
1711,1016,F,20050610,8:00:38,69.1861,-133.845
1712,1016,F,20050610,12:01:07,69.1617,-133.8815
1713,1016,F,20050610,16:00:38,69.1529,-133.8081
1714,1016,F,20050610,20:00:38,69.1561,-133.7763
1715,1016,F,20050611,0:00:37,69.1572,-133.7756
1716,1016,F,20050611,4:00:38,69.1506,-133.7309
1717,1016,F,20050611,8:00:38,69.1413,-133.7252
1718,1016,F,20050611,12:00:38,69.1413,-133.7249
1719,1016,F,20050611,16:03:01,69.1289,-133.7117
1720,1016,F,20050611,20:00:38,69.1192,-133.7406
1721,1016,F,20050612,0:00:55,69.0895,-133.8095
1722,1016,F,20050612,4:00:38,69.0844,-133.8043
1723,1016,F,20050612,8:01:30,69.0984,-133.8536
1724,1016,F,20050612,12:00:38,69.0976,-133.8537
1725,1016,F,20050612,16:00:38,69.1123,-133.8536
1726,1016,F,20050612,20:00:38,69.1153,-133.8206
1727,1016,F,20050613,0:00:37,69.1195,-133.7401
1728,1016,F,20050613,4:00:55,69.1086,-133.7526
1729,1016,F,20050613,8:03:05,69.1086,-133.7526
1730,1016,F,20050613,12:01:06,69.1087,-133.7526
1731,1016,F,20050613,16:00:38,69.0985,-133.7352
1732,1016,F,20050613,20:00:38,69.0872,-133.7282
1733,1016,F,20050614,0:00:37,69.0433,-133.7068
1734,1016,F,20050614,4:01:01,69.0422,-133.7982
1735,1016,F,20050614,8:02:57,69.0358,-133.8176
1736,1016,F,20050614,12:00:38,69.0357,-133.8175
1737,1016,F,20050614,16:01:07,69.0364,-133.8187
1738,1016,F,20050614,20:00:37,69.0496,-133.8916
1739,1016,F,20050615,0:00:38,69.0697,-133.947
1740,1016,F,20050615,4:00:38,69.0864,-133.9108
1741,1016,F,20050615,8:00:38,69.0865,-133.911
1742,1016,F,20050615,12:00:38,69.0865,-133.911
1743,1016,F,20050615,16:00:38,69.1026,-133.9232
1744,1016,F,20050615,20:00:38,69.1066,-133.8784
1745,1016,F,20050616,0:00:37,69.1661,-133.9725
1746,1016,F,20050616,4:01:07,69.2057,-133.9887
1747,1016,F,20050616,8:00:56,69.2061,-134.0334
1748,1016,F,20050616,12:00:38,69.2064,-134.0335
1749,1016,F,20050616,16:00:38,69.2017,-133.9223
1750,1016,F,20050616,20:00:38,69.1693,-133.8416
1751,1016,F,20050617,0:00:37,69.1446,-133.8662
1752,1016,F,20050617,4:00:55,69.112,-133.8664
1753,1016,F,20050617,8:01:07,69.09,-133.8221
1754,1016,F,20050617,12:01:07,69.09,-133.8223
1755,1016,F,20050617,16:01:07,69.09,-133.8221
1756,1016,F,20050617,20:00:58,69.0749,-133.8511
1757,1016,F,20050618,0:00:38,69.0628,-133.9404
1758,1016,F,20050618,4:00:39,69.0864,-133.9109
1759,1016,F,20050618,8:00:37,69.0878,-133.9029
1760,1016,F,20050618,12:00:37,69.0877,-133.9033
1761,1016,F,20050618,16:01:02,69.0845,-133.9098
1762,1016,F,20050618,20:00:38,69.0964,-133.8562
1763,1016,F,20050619,0:01:01,69.097,-133.8563
1764,1016,F,20050619,4:00:38,69.098,-133.8555
1765,1016,F,20050619,8:00:38,69.098,-133.8555
1766,1016,F,20050619,12:01:07,69.0978,-133.8549
1767,1016,F,20050619,16:00:37,69.097,-133.855
1768,1016,F,20050619,20:00:37,69.1011,-133.8607
1769,1016,F,20050620,0:00:37,69.0974,-133.8546
1770,1016,F,20050620,4:01:06,69.0871,-133.8434
1771,1016,F,20050620,8:00:38,69.0884,-133.8526
1772,1016,F,20050620,12:00:38,69.0884,-133.8527
1773,1016,F,20050620,16:00:38,69.0992,-133.8484
1774,1016,F,20050620,20:01:05,69.0971,-133.8552
1775,1016,F,20050621,0:01:06,69.0939,-133.8748
1776,1016,F,20050621,4:01:25,69.0939,-133.8749
1777,1016,F,20050621,8:00:38,69.0979,-133.8801
1778,1016,F,20050621,12:01:07,69.098,-133.8802
1779,1016,F,20050621,16:00:38,69.091,-133.8696
1780,1016,F,20050621,20:00:38,69.0853,-133.8652
1781,1016,F,20050622,0:00:38,69.081,-133.8677
1782,1016,F,20050622,4:01:07,69.0578,-133.8217
1783,1016,F,20050622,8:00:38,69.0394,-133.8139
1784,1016,F,20050622,12:00:37,69.0394,-133.8139
1785,1016,F,20050622,16:00:38,69.0353,-133.817
1786,1016,F,20050622,20:00:38,69.032,-133.7819
1787,1016,F,20050623,0:00:38,69.018,-133.7743
1788,1016,F,20050623,4:00:37,69.0112,-133.788
1789,1016,F,20050623,8:00:38,69.0042,-133.7837
1790,1016,F,20050623,12:00:38,69.0046,-133.7838
1791,1016,F,20050623,16:00:38,69.0041,-133.7876
1792,1016,F,20050623,20:01:07,69.0125,-133.8337
1793,1016,F,20050624,0:00:37,68.9889,-133.8526
1794,1016,F,20050624,4:01:36,68.9898,-133.8381
1795,1016,F,20050624,8:00:38,68.991,-133.8358
1796,1016,F,20050624,12:01:06,68.9899,-133.8379
1797,1016,F,20050624,16:00:38,68.9909,-133.836
1798,1016,F,20050624,20:00:38,68.9852,-133.8261
1799,1016,F,20050625,0:01:30,68.9788,-133.8459
1800,1016,F,20050625,4:00:38,68.9863,-133.7906
1801,1016,F,20050625,8:00:38,68.9894,-133.7602
1802,1016,F,20050625,12:00:38,68.9895,-133.7598
1803,1016,F,20050625,16:00:38,68.9867,-133.7334
1804,1016,F,20050625,20:02:06,68.9989,-133.7306
1805,1016,F,20050626,0:01:25,69.0197,-133.7314
1806,1016,F,20050626,4:01:07,69.0604,-133.7285
1807,1016,F,20050626,8:00:37,69.0667,-133.7765
1808,1016,F,20050626,12:00:38,69.0675,-133.7765
1809,1016,F,20050626,16:00:38,69.0702,-133.7976
1810,1016,F,20050626,20:01:01,69.0855,-133.839
1811,1016,F,20050627,0:00:55,69.087,-133.8433
1812,1016,F,20050627,4:01:07,69.0806,-133.829
1813,1016,F,20050627,8:01:07,69.0524,-133.8513
1814,1016,F,20050627,12:01:08,69.0524,-133.8512
1815,1016,F,20050627,16:00:38,69.0475,-133.8502
1816,1016,F,20050627,20:00:37,69.0389,-133.8671
1817,1016,F,20050628,0:01:06,69.0246,-133.86
1818,1016,F,20050628,4:01:06,69.0229,-133.8961
1819,1016,F,20050628,8:01:07,68.9839,-133.9514
1820,1016,F,20050628,12:01:07,68.9842,-133.95
1821,1016,F,20050628,16:00:38,68.969,-133.9539
1822,1016,F,20050628,20:02:07,68.9551,-133.9169
1823,1016,F,20050629,0:02:06,68.9548,-133.9161
1824,1016,F,20050629,4:01:08,68.9545,-133.9166
1825,1016,F,20050629,8:01:08,68.9578,-133.9091
1826,1016,F,20050629,12:00:38,68.9581,-133.9081
1827,1016,F,20050629,16:00:38,68.9542,-133.914
1828,1016,F,20050629,20:00:37,68.9495,-133.8997
1829,1016,F,20050630,0:01:06,68.9636,-133.8915
1830,1016,F,20050630,8:00:38,68.962,-133.877
1831,1016,F,20050630,12:00:37,68.9375,-133.7961
1832,1016,F,20050630,16:00:38,68.9018,-133.8046
1833,1016,F,20050630,20:01:25,68.9017,-133.8049
1834,1016,F,20050701,0:02:06,68.9003,-133.8095
1835,1016,F,20050701,4:00:38,68.9005,-133.81
1836,1016,F,20050701,8:00:55,68.8906,-133.9027
1837,1016,F,20050701,12:00:38,68.8935,-133.9567
1838,1016,F,20050701,16:00:38,68.8934,-133.9567
1839,1016,F,20050701,20:01:07,68.8934,-133.9568
1840,1016,F,20050702,0:01:06,68.8935,-133.9565
1841,1016,F,20050702,4:01:06,68.8934,-133.9568
1842,1016,F,20050702,8:00:38,68.8934,-133.9568
1843,1016,F,20050702,12:00:38,68.8935,-133.9568
1844,1016,F,20050702,16:00:38,68.8935,-133.9567
1845,1016,F,20050702,20:01:37,68.8934,-133.9568
1846,1016,F,20050703,4:01:07,68.8934,-133.9568
1847,1016,F,20050703,8:00:38,68.8934,-133.9568
1848,1016,F,20050703,12:00:55,68.8935,-133.9567
1849,1016,F,20050703,16:01:07,68.8934,-133.9569
1850,1016,F,20050703,20:01:07,68.8935,-133.9567
1851,1016,F,20050704,0:03:06,68.8935,-133.9568
1852,1016,F,20050704,4:01:07,68.8935,-133.9568
1853,1016,F,20050704,8:00:38,68.8935,-133.9567
1854,1016,F,20050704,12:01:08,68.8935,-133.9568
1855,1016,F,20050704,16:01:02,68.8934,-133.9568
1856,1016,F,20050704,20:00:37,68.8934,-133.9567
1857,1016,F,20050705,0:01:07,68.8935,-133.9567
1858,1016,F,20050705,4:01:07,68.8934,-133.9568
1859,1016,F,20050705,8:00:38,68.8934,-133.9567
1860,1016,F,20050705,12:01:01,68.8935,-133.9568
1861,1016,F,20050705,16:00:38,68.8935,-133.9567
1862,1016,F,20050705,20:00:38,68.8935,-133.9568
1863,1016,F,20050706,0:01:07,68.8935,-133.9569
1864,1016,F,20050706,4:01:06,68.8935,-133.9568
1865,1016,F,20050706,8:00:37,68.8935,-133.9567
1866,1016,F,20050706,12:00:40,68.8933,-133.9566
1867,1016,F,20050706,16:00:38,68.8934,-133.9566
1868,1016,F,20050706,20:01:07,68.8935,-133.9567
1869,1016,F,20050707,0:01:06,68.8935,-133.9565
1870,1016,F,20050707,4:01:07,68.8934,-133.9568
1871,1016,F,20050707,8:00:38,68.8935,-133.9568
1872,1016,F,20050707,12:01:07,68.8935,-133.9567
1873,1016,F,20050707,16:01:07,68.8934,-133.9567
1874,1016,F,20050707,20:01:06,68.8935,-133.9567
1875,1016,F,20050708,0:01:06,68.8935,-133.9567
1876,1016,F,20050708,4:01:07,68.8935,-133.9568
1877,1016,F,20050708,8:00:38,68.8935,-133.9567
1878,1016,F,20050708,12:01:06,68.8935,-133.9568
1879,1016,F,20050708,16:00:55,68.8935,-133.9567
1880,1016,F,20050708,20:01:07,68.8935,-133.9567
1881,1016,F,20050709,0:01:07,68.8935,-133.9569
1882,1016,F,20050709,4:00:38,68.8935,-133.9566
1883,1016,F,20050709,8:00:38,68.8935,-133.9567
1884,1016,F,20050709,16:00:38,68.8934,-133.9567
1885,1016,F,20050709,20:00:38,68.8935,-133.9567
1886,1016,F,20050710,0:01:24,68.8935,-133.9567
1887,1016,F,20050710,4:00:39,68.8935,-133.9569
1888,1016,F,20050710,8:01:06,68.8935,-133.9568
1889,1016,F,20050710,16:00:55,68.8935,-133.9567
1890,1016,F,20050710,20:00:55,68.8935,-133.9568
1891,1016,F,20050711,0:01:07,68.8935,-133.9567
1892,1016,F,20050711,4:00:38,68.8935,-133.9568
1893,1016,F,20050711,8:00:55,68.8935,-133.9569
1894,1016,F,20050711,16:00:55,68.8935,-133.9569
1895,1016,F,20050711,20:00:37,68.8935,-133.9566
1896,1016,F,20050712,0:01:06,68.8935,-133.9569
1897,1016,F,20050712,4:01:04,68.8935,-133.9568
1898,1016,F,20050712,8:00:37,68.8939,-133.9568
1899,1016,F,20050712,16:01:01,68.8936,-133.9584
1900,1016,F,20050712,20:00:38,68.8935,-133.9568
1901,1016,F,20050713,0:01:06,68.8935,-133.9568
1902,1016,F,20050713,4:00:38,68.8935,-133.9568
1903,1016,F,20050713,8:01:07,68.8935,-133.9568
1904,1016,F,20050713,16:01:07,68.8935,-133.9567
1905,1016,F,20050713,20:00:38,68.8935,-133.9567
1906,1016,F,20050714,0:01:06,68.8935,-133.9568
1907,1016,F,20050714,4:00:38,68.8935,-133.9568
1908,1016,F,20050714,8:00:38,68.8935,-133.9568
1909,1016,F,20050714,12:03:06,68.8936,-133.957
1910,1016,F,20050714,16:00:37,68.8935,-133.9567
1911,1016,F,20050714,20:00:37,68.8935,-133.9567
1912,1016,F,20050715,0:00:38,68.8935,-133.9567
1913,1016,F,20050715,4:00:38,68.8935,-133.9569
1914,1016,F,20050715,8:00:38,68.8934,-133.9567
1915,1016,F,20050715,12:01:01,68.8935,-133.9567
1916,1016,F,20050715,16:00:38,68.8934,-133.9571
1917,1016,F,20050715,20:00:37,68.8934,-133.9566
1918,1016,F,20050716,0:00:37,68.8935,-133.9567
1919,1016,F,20050716,4:01:07,68.8935,-133.9568
1920,1016,F,20050716,8:00:38,68.8935,-133.9568
1921,1016,F,20050716,12:00:55,68.8935,-133.9568
1922,1016,F,20050716,16:00:37,68.8936,-133.9565
1923,1016,F,20050716,20:00:38,68.8935,-133.9567
1924,1016,F,20050717,0:00:55,68.8935,-133.9567
1925,1016,F,20050717,4:01:07,68.8935,-133.9568
1926,1016,F,20050717,8:01:07,68.8935,-133.9567
1927,1016,F,20050717,12:00:37,68.8935,-133.9567
1928,1016,F,20050717,16:00:38,68.8934,-133.9571
1929,1016,F,20050717,20:00:38,68.8935,-133.9567
1930,1016,F,20050718,0:01:30,68.8935,-133.9568
1931,1016,F,20050718,4:01:06,68.8935,-133.9568
1932,1016,F,20050718,8:01:07,68.8935,-133.9567
1933,1016,F,20050718,12:00:38,68.8935,-133.9568
1934,1016,F,20050718,16:00:38,68.8935,-133.9566
1935,1016,F,20050718,20:00:38,68.8935,-133.9568
1936,1016,F,20050719,0:01:24,68.8935,-133.9569
1937,1016,F,20050719,4:01:06,68.8935,-133.9567
1938,1016,F,20050719,8:01:07,68.8935,-133.9569
1939,1016,F,20050719,12:01:01,68.8935,-133.9568
1940,1016,F,20050719,20:01:36,68.8935,-133.9568
1941,1016,F,20050720,0:03:05,68.8935,-133.9567
1942,1016,F,20050720,4:01:06,68.8935,-133.9567
1943,1016,F,20050720,8:01:07,68.8935,-133.9554
1944,1016,F,20050720,12:02:27,68.8935,-133.9568
1945,1016,F,20050720,16:00:38,68.8935,-133.9567
1946,1016,F,20050720,20:01:06,68.8935,-133.9567
1947,1016,F,20050721,0:00:38,68.8935,-133.9567
1948,1016,F,20050721,4:00:38,68.8935,-133.9568
1949,1016,F,20050721,8:01:06,68.8934,-133.9568
1950,1016,F,20050721,12:00:38,68.8943,-133.958
1951,1016,F,20050721,16:00:38,68.8934,-133.9568
1952,1016,F,20050721,20:01:07,68.8935,-133.9567
1953,1016,F,20050722,0:01:02,68.8935,-133.9567
1954,1016,F,20050722,4:01:02,68.8935,-133.9568
1955,1016,F,20050722,8:01:07,68.8935,-133.957
1956,1016,F,20050722,12:01:06,68.8934,-133.9569
1957,1016,F,20050722,16:00:55,68.8935,-133.9567
1958,1016,F,20050722,20:01:01,68.8935,-133.9569
1959,1016,F,20050723,0:02:11,68.8935,-133.9567
1960,1016,F,20050723,4:00:38,68.8934,-133.9568
1961,1016,F,20050723,8:01:06,68.8935,-133.9567
1962,1016,F,20050723,12:00:37,68.8936,-133.9574
1963,1016,F,20050723,16:01:01,68.8935,-133.9567
